OBJECTID,DATETIME_,ORIG_FID,LINEARID,FULLNAME,RTTYP,MTFCC,Lat,Lon,currentSpeed,freeFlowSpeed,currentTravelTime,freeFlowTravelTime,confidence,roadClosure,x,y,x_new,y_new
1,38:01.3,15,1.10E+12,State Rte 238,S,S1200,37.60116884,-122.0143415,61,61,42,42,0.800000012,FALSE,587009.7489,4162039.217,36736.91777,11536.4036
2,38:01.7,19,1.10E+12,State Rte 185,S,S1200,37.71570107,-122.1434105,45,45,47,47,0.939999998,FALSE,575504.0382,4174617.784,-40713.85766,-6833.535814
3,38:02.2,22,1.10E+12,Arthur H Breed Fwy,M,S1100,37.70315698,-122.0140271,115,115,61,61,0.939999998,FALSE,586917.7184,4173355.235,30831.09754,18338.08612
4,38:02.6,22,1.10E+12,Arthur H Breed Fwy,M,S1100,37.70165412,-121.9201418,110,110,19,19,0.949999988,FALSE,595194.9018,4173270.414,-39922.24484,-35005.26393
5,38:03.0,22,1.10E+12,Arthur H Breed Fwy,M,S1100,37.70115538,-121.8250334,115,115,60,60,0.939999998,FALSE,603578.5044,4173323.902,17396.21007,1341.50144
6,38:03.5,22,1.10E+12,Arthur H Breed Fwy,M,S1100,37.70614773,-121.7309009,114,114,21,21,0.949999988,FALSE,611868.0179,4173987.449,-54731.96749,68162.4836
7,38:03.8,35,1.11E+12,I- 680,I,S1100,37.97105657,-122.0600395,112,112,11,11,0.939999998,FALSE,582561.7915,4203029.145,-53667.81642,-9298.837135
8,38:04.3,35,1.11E+12,I- 680,I,S1100,37.88976732,-122.0582695,113,113,38,38,0.930000007,FALSE,582802.9753,4194016.965,78392.24617,5341.319552
9,38:04.7,35,1.11E+12,I- 680,I,S1100,37.82337922,-121.9937209,115,115,16,16,0.850000024,FALSE,588560.5974,4186708.237,-78186.0069,10997.98872
10,38:05.1,35,1.11E+12,I- 680,I,S1100,37.73936439,-121.9519934,115,115,59,59,0.939999998,FALSE,592344.6944,4177430.407,-57833.08308,-1732.287786
11,38:05.5,39,1.10E+12,John T Knox Fwy,M,S1100,37.90792242,-122.3203844,110,110,27,27,0.939999998,FALSE,559748.4837,4195814.475,-47650.16786,-33276.85808
12,38:05.9,40,1.10E+12,I- 80,I,S1100,37.99508574,-122.2899541,111,111,31,31,0.949999988,FALSE,562341.3904,4205511.604,135915.432,50374.26669
13,38:06.3,40,1.10E+12,I- 80,I,S1100,37.92777703,-122.3223443,108,108,13,13,0.939999998,FALSE,559555.2763,4198034.402,76348.1637,-36633.78165
14,38:06.7,41,1.10E+12,I- 80,I,S1100,37.99504089,-122.2909237,109,109,58,58,0.959999979,FALSE,562261.0027,4205510.991,1490.867433,-2516.432878
15,38:07.1,41,1.10E+12,I- 80,I,S1100,37.9271838,-122.3223326,109,109,50,50,0.959999979,FALSE,559555.7686,4197966.682,38921.1889,-2760.004144
16,38:07.5,44,1.10E+12,State Rte 1,S,S1200,37.86581582,-122.5755269,45,45,174,174,0.5,FALSE,537336.6021,4191022.6,-39295.75575,526.2944472
17,38:07.9,44,1.10E+12,State Rte 1,S,S1200,37.89225618,-122.6334666,44,44,153,153,0.5,FALSE,532225.0378,4193926.439,188827.7852,-56158.7474
18,38:08.3,44,1.10E+12,State Rte 1,S,S1200,37.93993961,-122.7052107,63,63,99,99,0.5,FALSE,525902.6106,4199186.173,-51135.68404,16457.3513
19,38:08.8,44,1.10E+12,State Rte 1,S,S1200,38.0082975,-122.7628401,66,66,108,108,0.5,FALSE,520820.4987,4206763.092,112054.6427,-7318.289927
20,38:09.2,44,1.10E+12,State Rte 1,S,S1200,38.07995333,-122.8063013,59,59,123,123,0.5,FALSE,516994.2695,4214718.187,12882.29475,-5077.508425
21,38:09.6,44,1.10E+12,State Rte 1,S,S1200,38.13195071,-122.8682359,70,70,87,87,0.5,FALSE,511547.5371,4220478.491,64789.95265,-23154.27059
22,38:09.9,44,1.10E+12,State Rte 1,S,S1200,38.1973314,-122.9202724,57,57,119,119,0.5,FALSE,506978.5308,4227712.741,-61892.82083,5291.928985
23,38:10.4,44,1.10E+12,State Rte 1,S,S1200,38.27627802,-122.899996,75,75,77,77,0.5,FALSE,508743.3865,4236477.758,-1138.860286,1596.582074
24,38:10.7,53,1.11E+11,Saint Helena Hwy,M,S1200,38.47014361,-122.4312552,83,83,65,65,0.5,FALSE,549616.382,4258148.965,185994.4124,32046.1233
25,38:11.2,76,1.10E+12,State Rte 35,S,S1200,37.46531467,-122.3469018,74,74,95,95,0.5,FALSE,557751.3355,4146689.179,3910.796889,-1275.929511
26,38:11.6,76,1.10E+12,State Rte 35,S,S1200,37.40712371,-122.3068439,74,74,93,93,0.5,FALSE,561344.952,4140261.321,4973.718562,-6125.532701
27,38:11.9,76,1.10E+12,State Rte 35,S,S1200,37.3635733,-122.2470376,79,79,88,88,0.5,FALSE,566677.0302,4135487.423,602.4865755,13378.57834
28,38:12.3,78,1.10E+12,Coast Hwy,M,S1200,37.52512017,-122.5110808,81,81,40,40,0.949999988,FALSE,543197.6718,4153237.195,26933.20126,-2132.634548
29,38:12.7,79,1.10E+12,Skyline Blvd,M,S1200,37.43501069,-122.3199381,75,75,98,98,0.5,FALSE,560166.5721,4143360.995,-4495.416579,2628.714609
30,38:13.2,79,1.10E+12,Skyline Blvd,M,S1200,37.38935112,-122.275283,56,56,125,125,0.5,FALSE,564158.2184,4138305.098,60620.21385,-1491.803933
31,38:13.6,79,1.10E+12,Skyline Blvd,M,S1200,37.33502059,-122.2167036,76,76,92,92,0.5,FALSE,569389.5689,4132333.494,-5595.471535,-4731.805187
32,38:14.0,82,1.10E+12,I- 280,I,S1100,37.4495523,-122.2773653,119,119,58,58,0.720000029,FALSE,563923.2885,4144987.111,17151.68496,24210.69426
33,38:14.4,82,1.10E+12,I- 280,I,S1100,37.50760158,-122.3393377,119,119,11,11,0.75,FALSE,558392.994,4151400.08,253706.0427,-67508.4055
34,38:14.8,82,1.10E+12,I- 280,I,S1100,37.57731256,-122.4014092,115,115,29,29,0.939999998,FALSE,552852.3165,4159082.898,84483.19,24133.3107
35,38:15.2,83,1.10E+12,Bayshore Fwy,M,S1200,37.62233669,-122.4002419,105,105,42,42,0.939999998,FALSE,552928.1842,4164081.036,-47646.30089,1080.545988
36,38:15.6,83,1.10E+12,Bayshore Fwy,M,S1200,37.57813644,-122.3217715,107,107,56,56,0.949999988,FALSE,559884.8317,4159225.492,119735.6358,-4503.734338
37,38:15.9,83,1.10E+12,Bayshore Fwy,M,S1200,37.5118854,-122.253652,110,110,40,40,0.949999988,FALSE,565963.103,4151923.946,198001.0209,3590.473261
38,38:16.4,83,1.10E+12,Bayshore Fwy,M,S1200,37.47629738,-122.1677074,110,110,49,49,0.949999988,FALSE,573587.6216,4148039.785,35530.2385,3354.939338
39,38:16.8,84,1.10E+12,US Hwy 101,U,S1200,37.62232301,-122.4005845,110,110,30,30,0.939999998,FALSE,552901.2534,4164080.864,27696.12345,86361.68233
40,38:17.2,84,1.10E+12,US Hwy 101,U,S1200,37.57815984,-122.3221006,106,106,32,32,0.949999988,FALSE,559857.7382,4159245.612,73696.8573,-17428.37011
41,38:17.6,84,1.10E+12,US Hwy 101,U,S1200,37.51187644,-122.2539962,111,111,50,50,0.939999998,FALSE,565936.1322,4151923.732,-62128.70889,20546.70674
42,38:18.0,84,1.10E+12,US Hwy 101,U,S1200,37.47629327,-122.1680642,111,111,61,61,0.939999998,FALSE,573555.2411,4148039.499,19858.97529,-4690.407562
43,38:18.4,86,1.10E+12,State Rte 82,S,S1200,37.65999823,-122.4415109,48,48,62,62,0.970000029,FALSE,549256.8009,4168250.185,106014.8302,139188.2049
44,38:18.8,87,1.10E+12,Coast Hwy,M,S1200,37.67144219,-122.4760304,100,100,14,14,0.939999998,FALSE,546208.0893,4169498.931,43292.36093,11288.42864
45,38:19.3,88,1.10E+12,Coast Hwy,M,S1200,37.60907875,-122.4948498,71,71,52,52,0.959999979,FALSE,544587.5161,4162569.225,65549.94346,61162.48864
46,38:19.7,91,1.10E+12,State Rte 152,S,S1200,37.02722572,-121.3275055,112,112,40,40,0.949999988,FALSE,648762.6803,4099207.189,-30568.2417,-7385.172361
47,38:20.2,91,1.10E+12,State Rte 152,S,S1200,37.05635444,-121.2438379,107,107,58,58,0.939999998,FALSE,656157.8352,4102558.135,-47644.79943,-12961.82741
48,38:20.6,97,1.10E+12,State Rte 130,S,S1200,37.3631592,-121.7599352,40,40,136,136,0.5,FALSE,609814.2754,4135895.393,-3156.986947,-731.9252371
49,38:21.1,97,1.10E+12,State Rte 130,S,S1200,37.32923878,-121.69112,35,35,163,163,0.5,FALSE,615958.0795,4132205.803,3908.40015,-3738.546904
50,38:21.5,97,1.10E+12,State Rte 130,S,S1200,37.33801803,-121.653071,37,37,194,194,0.5,FALSE,619313.0777,4133228.284,217635.2695,-14564.41777
51,38:22.0,97,1.10E+12,State Rte 130,S,S1200,37.34976774,-121.6004447,42,42,158,158,0.5,FALSE,623959.8011,4134609.851,-92952.21264,2654.044376
52,38:22.4,97,1.10E+12,State Rte 130,S,S1200,37.35063556,-121.5366172,52,52,129,129,0.5,FALSE,629607.844,4134783.533,87406.20062,-10434.97547
53,38:22.8,97,1.10E+12,State Rte 130,S,S1200,37.35061406,-121.4782111,73,73,76,76,0.5,FALSE,634781.4948,4134865.319,21858.46991,19283.36065
54,38:23.2,97,1.10E+12,State Rte 130,S,S1200,37.38931798,-121.4507175,50,50,76,76,0.5,FALSE,637149.4044,4139184.82,104368.3143,-7993.599334
55,38:23.6,102,1.10E+12,I- 280,I,S1100,37.35953437,-122.1189596,115,115,31,31,0.920000017,FALSE,578025.9586,4135138.691,-225715.9982,-60816.21617
56,38:24.0,102,1.10E+12,I- 280,I,S1100,37.33442875,-122.0325102,27,27,20,20,0.949999988,FALSE,585713.7363,4132417.055,-80990.43959,12101.26183
57,38:24.4,102,1.10E+12,I- 280,I,S1100,37.31733774,-121.9413722,109,109,15,15,0.920000017,FALSE,593807.7307,4130600.841,39606.69265,-8026.63785
58,38:24.8,102,1.10E+12,I- 280,I,S1100,37.33927206,-121.8527878,112,112,23,23,0.949999988,FALSE,601620.1437,4133130.134,31101.05565,-5617.36212
59,38:25.2,108,1.10E+12,State Rte 82,S,S1200,37.25733424,-121.8049495,45,45,61,61,0.850000024,FALSE,605984.8162,4124088.618,-35390.96537,7278.440948
60,38:25.6,126,1.11E+12,I- 680,I,S1100,38.11912442,-122.1062478,113,113,22,22,0.939999998,FALSE,578345.6885,4219405.07,-52630.63901,2893.751726
61,38:26.0,126,1.11E+12,I- 680,I,S1100,38.20489921,-122.1381569,108,108,59,59,0.870000005,FALSE,575453.6819,4228900.476,-43194.82865,-1828.260269
62,38:26.4,140,1.10E+12,Redwood Hwy,M,S1200,38.25741572,-122.647556,108,108,53,53,0.930000007,FALSE,530831.6431,4234445.882,49064.58544,12052.14327
63,38:26.8,140,1.10E+12,Redwood Hwy,M,S1200,38.31969787,-122.713904,114,114,30,30,0.949999988,FALSE,525005.7664,4241326.862,36491.61001,16205.7262
64,38:27.2,140,1.10E+12,Redwood Hwy,M,S1200,38.41356697,-122.7159139,93,109,22,19,0.959999979,FALSE,524802.9331,4251755.864,126046.9054,60851.40519
65,38:27.6,140,1.10E+12,Redwood Hwy,M,S1200,38.49403829,-122.7531417,113,113,13,13,0.930000007,FALSE,521528.6508,4260665.911,27430.49415,-2479.674249
66,38:28.0,140,1.10E+12,Redwood Hwy,M,S1200,38.55996165,-122.8211179,113,113,44,44,0.889999986,FALSE,515585.0978,4267953.056,-73445.80827,5456.283139
67,38:28.4,140,1.10E+12,Redwood Hwy,M,S1200,38.62907965,-122.8779026,111,111,26,26,0.870000005,FALSE,510624.0828,4275625.158,-103649.9441,-15352.62808
68,38:28.8,140,1.10E+12,Redwood Hwy,M,S1200,38.70619722,-122.9075831,115,115,60,60,0.5,FALSE,508033.5136,4284189.674,-57294.92674,7193.641644
69,38:29.2,140,1.10E+12,Redwood Hwy,M,S1200,38.7611733,-122.9821252,115,115,62,62,0.5,FALSE,501552.5702,4290288.092,-7293.758351,-13518.77602
70,38:29.6,140,1.10E+12,Redwood Hwy,M,S1200,38.83847426,-123.0206944,106,106,47,47,0.879999995,FALSE,498203.1056,4298855.868,-25380.55747,8337.418929
71,38:30.0,145,1.10E+12,State Rte 116,S,S1200,38.23709724,-122.5171953,84,84,66,66,0.959999979,FALSE,542249.6086,4232235.404,-2614.022279,-87419.3865
72,38:30.4,146,1.10E+12,State Rte 116,S,S1200,38.46777898,-123.035392,76,76,81,81,0.5,FALSE,496910.6237,4257732.216,9478.170795,19268.82066
73,38:30.8,146,1.10E+12,State Rte 116,S,S1200,38.50107171,-123.0051325,59,59,56,56,0.5,FALSE,499551.78,4261415.896,6673.72352,924.4987752
74,38:31.2,146,1.10E+12,State Rte 116,S,S1200,38.47697213,-122.932631,68,68,101,101,0.5,FALSE,505876.3301,4258756.424,-228502.4904,21092.82771
75,38:31.6,146,1.10E+12,State Rte 116,S,S1200,38.43670982,-122.8575304,66,66,53,53,0.870000005,FALSE,512436.8906,4254280.49,184758.1837,-31719.56266
76,38:32.1,149,1.10E+12,Bay Hwy,M,S1200,38.33734025,-122.9810025,83,83,85,85,0.5,FALSE,501657.7331,4243238.763,55493.92034,-10447.74432
77,38:32.5,163,1.10E+12,I- 80,I,S1100,37.88625649,-122.3089288,106,106,28,28,0.939999998,FALSE,560769.5971,4193424.568,-16634.49319,5140.81057
78,38:32.9,168,1.10E+12,I- 680,I,S1100,37.64496985,-121.8894117,108,108,51,51,0.959999979,FALSE,597975.803,4167017.708,38928.17303,2753.081287
79,38:33.3,168,1.10E+12,I- 680,I,S1100,37.56875773,-121.895184,111,111,64,64,0.839999974,FALSE,597563.7132,4158560.399,17919.18427,-11727.63524
80,38:33.7,168,1.10E+12,I- 680,I,S1100,37.50481699,-121.9337664,106,106,43,43,0.959999979,FALSE,594237.6615,4151417.478,-55247.95451,-526.8663818
81,38:34.1,170,1.11E+12,I- 580,I,S1100,37.79600251,-122.2096748,109,109,43,43,0.949999988,FALSE,569586.5782,4183484.95,38163.46685,15021.15541
82,38:34.5,170,1.11E+12,I- 580,I,S1100,37.74273075,-122.1459761,114,114,45,45,0.939999998,FALSE,575240.038,4177608.782,-25335.10875,8990.864308
83,38:34.9,170,1.11E+12,I- 580,I,S1100,37.69055404,-122.077259,112,112,30,30,0.930000007,FALSE,581357.3979,4171896.671,2441.162404,-687.9296999
84,38:35.3,170,1.11E+12,I- 580,I,S1100,37.69942653,-121.9861077,113,113,60,60,0.949999988,FALSE,589381.1282,4172961.624,-124299.5481,7594.655023
85,38:35.7,170,1.11E+12,I- 580,I,S1100,37.7014274,-121.8916384,114,114,17,17,0.920000017,FALSE,597707.9652,4173272.674,221699.5368,-32978.3144
86,38:36.1,170,1.11E+12,I- 580,I,S1100,37.70064147,-121.7965128,115,115,50,50,0.959999979,FALSE,606092.1529,4173288.082,-50167.93109,8313.172711
87,38:36.5,170,1.11E+12,I- 580,I,S1100,37.71684238,-121.7045773,117,117,51,51,0.910000026,FALSE,614170.6576,4175197.538,15575.47519,-13876.32379
88,38:36.9,170,1.11E+12,I- 580,I,S1100,37.7344615,-121.6145731,108,108,59,59,0.949999988,FALSE,622082.1297,4177261.587,-1181.776734,1056.8786
89,38:37.3,171,1.10E+12,Macarthur Fwy,M,S1100,37.79724792,-122.2131909,109,109,43,43,0.949999988,FALSE,569268.3926,4183617.713,-13974.84228,4387.70205
90,38:37.7,171,1.10E+12,Macarthur Fwy,M,S1100,37.74506654,-122.1488796,114,114,45,45,0.939999998,FALSE,574990.2074,4177877.404,-4320.493712,2731.978891
91,38:38.1,172,1.10E+12,Arthur H Breed Fwy,M,S1100,37.7027877,-122.0147018,111,111,57,57,0.949999988,FALSE,586853.6517,4173307.152,8756.299839,6303.725843
92,38:38.5,172,1.10E+12,Arthur H Breed Fwy,M,S1100,37.70126245,-121.9208232,103,103,44,44,0.970000029,FALSE,595136.2613,4173222.328,-6427.318469,2208.182124
93,38:38.9,172,1.10E+12,Arthur H Breed Fwy,M,S1100,37.70091876,-121.8257441,114,114,41,41,0.949999988,FALSE,603519.8263,4173282.528,-128521.3693,16668.7821
94,38:39.3,172,1.10E+12,Arthur H Breed Fwy,M,S1100,37.70562588,-121.7315598,115,115,26,26,0.930000007,FALSE,611815.1315,4173919,-17194.9545,-29797.82519
95,38:39.7,192,1.10E+12,Redwood Hwy,M,S1200,37.99511581,-122.5330692,108,108,68,68,0.949999988,FALSE,540995.8979,4205376.641,117557.4282,717.9124133
96,38:40.1,192,1.10E+12,Redwood Hwy,M,S1200,37.91459746,-122.5119774,106,106,36,36,0.949999988,FALSE,542902.2799,4196460.704,206761.7993,-2171.003803
97,38:40.4,192,1.10E+12,Redwood Hwy,M,S1200,37.83572274,-122.4848671,91,91,54,54,0.949999988,FALSE,545332.7064,4187710.678,35185.03888,-15426.94115
98,38:40.8,227,1.10E+12,Junipero Serra Fwy,M,S1100,37.62981452,-122.4343389,115,115,26,26,0.939999998,FALSE,549912.2585,4164902.024,-142195.7568,11892.72078
99,38:41.2,227,1.10E+12,Junipero Serra Fwy,M,S1100,37.55944821,-122.3825229,114,114,59,59,0.949999988,FALSE,554535.9845,4157123.18,-16895.12972,7268.463691
100,38:41.6,227,1.10E+12,Junipero Serra Fwy,M,S1100,37.49787302,-122.315268,116,116,60,60,0.930000007,FALSE,560531.6843,4150331.869,-44441.25304,8150.781811
101,38:42.0,227,1.10E+12,Junipero Serra Fwy,M,S1100,37.44259441,-122.2527905,115,120,36,34,0.920000017,FALSE,566094.1604,4144245.591,-113483.1365,30552.96691
102,38:42.4,228,1.10E+12,State Rte 92,S,S1200,37.55674453,-122.2843561,106,106,17,17,0.920000017,FALSE,563211.8588,4156893.518,19375.25854,-2364.095673
103,38:42.8,238,1.10E+12,el Camino Real,M,S1200,37.65999823,-122.4415109,48,48,62,62,0.970000029,FALSE,549256.8009,4168250.185,-45061.8177,8277.694027
104,38:43.2,243,1.10E+12,State Rte 152,S,S1200,37.02755157,-121.3276547,108,108,50,50,0.949999988,FALSE,648756.7747,4099234.18,33890.6508,5590.011437
105,38:43.6,243,1.10E+12,State Rte 152,S,S1200,37.05648138,-121.2437977,113,113,63,63,0.949999988,FALSE,656157.3347,4102585.222,-198516.2228,26790.14028
106,38:44.0,244,1.10E+12,Santa Cruz Hwy,M,S1200,37.14393495,-121.9847383,79,79,14,14,0.959999979,FALSE,590168.736,4111321.153,-246880.0491,63475.40679
107,38:44.4,247,1.10E+12,Hecker Pass Hwy,M,S1200,36.99767637,-121.6867398,66,66,116,116,0.5,FALSE,616856.9186,4095421.64,78551.35359,29100.91619
108,38:44.8,248,1.10E+12,I- 880,I,S1100,37.39819956,-121.9083469,113,113,28,28,0.949999988,FALSE,596624.2966,4139619.937,-1999.150814,586.0568824
109,38:45.2,249,1.10E+12,I- 880,I,S1100,37.3633275,-121.9022183,100,100,11,11,0.939999998,FALSE,597209.762,4135739.312,41634.77215,8974.158446
110,38:45.6,250,1.10E+12,Bayshore Fwy,M,S1200,37.30179569,-121.8152133,113,113,12,12,0.949999988,FALSE,605002.7453,4129020.27,11300.90993,-4099.388351
111,38:46.0,253,1.10E+12,Nimitz Fwy,M,S1100,37.42489917,-121.916421,113,113,23,23,0.959999979,FALSE,595877.2431,4142564.141,-12116.05582,14362.98531
112,38:46.4,263,1.11E+11,Rio Dixon Rd,M,S1200,38.33523022,-121.8232778,95,95,75,75,0.5,FALSE,602839.1624,4243676.939,-13501.24968,401.4585144
113,38:46.8,264,1.11E+11,I- 80,I,S1100,38.22459598,-122.1258258,115,115,23,23,0.939999998,FALSE,576517.7864,4231104.903,10859.44871,-348.6361875
114,38:47.2,264,1.11E+11,I- 80,I,S1100,38.2751942,-122.047994,115,115,21,21,0.930000007,FALSE,583276.977,4236793.297,-28545.2327,-4727.176549
115,38:47.6,264,1.11E+11,I- 80,I,S1100,38.34672535,-121.9958575,118,118,19,19,0.889999986,FALSE,587750.2895,4244758.664,3598.136351,3206.112429
116,38:48.0,264,1.11E+11,I- 80,I,S1100,38.40035958,-121.9180266,113,113,50,50,0.899999976,FALSE,594475.5052,4250788.616,-30822.028,6940.74967
117,38:48.4,264,1.11E+11,I- 80,I,S1100,38.45826546,-121.8425488,116,116,42,42,0.920000017,FALSE,600987.5406,4257302.809,-198405.2718,2974.727451
118,38:48.8,264,1.11E+11,I- 80,I,S1100,38.5197556,-121.7700703,119,119,34,34,0.939999998,FALSE,607217.557,4264218.585,-53340.36116,2055.902717
119,38:49.2,265,1.11E+12,I- 680,I,S1100,38.11980337,-122.106024,117,117,50,50,0.939999998,FALSE,578360.8911,4219493.265,-14831.92375,-286.2774847
120,38:49.6,265,1.11E+12,I- 680,I,S1100,38.20558269,-122.1378735,112,112,41,41,0.920000017,FALSE,575479.5821,4228988.766,3110.496741,105.2031047
121,38:50.0,270,1.11E+11,I- 780,I,S1100,38.05467924,-122.1466552,108,108,40,40,0.920000017,FALSE,574869.5069,4212226.998,-6161.485308,165.3963261
122,38:50.4,278,1.10E+12,State Rte 128,S,S1200,38.75505715,-122.9708934,114,114,35,35,0.5,FALSE,502528.513,4289604.284,226.2412855,25.37206896
123,38:50.8,279,1.10E+12,State Rte 116,S,S1200,38.28944584,-122.6925764,111,111,61,61,0.939999998,FALSE,526889.6411,4237980.562,-53852.37615,-5129.297961
124,38:51.2,280,1.10E+12,State Rte 121,S,S1200,38.23250584,-122.4601222,85,85,75,75,0.939999998,FALSE,547252.2298,4231748.324,31297.03763,816.5613062
125,38:51.6,284,1.10E+12,State Rte 1,S,S1200,38.33730953,-122.9793012,83,83,80,80,0.5,FALSE,501807.0876,4243238.795,34556.88271,-590.6267114
126,38:52.0,284,1.10E+12,State Rte 1,S,S1200,38.34015667,-123.0464953,46,46,154,154,0.5,FALSE,495934.4133,4243551.146,99057.62878,25326.17605
127,38:52.4,284,1.10E+12,State Rte 1,S,S1200,38.40873331,-123.0965097,58,58,125,125,0.5,FALSE,491573.9434,4251187.037,169039.7391,25216.66475
128,38:52.8,284,1.10E+12,State Rte 1,S,S1200,38.45791466,-123.1412148,63,63,96,96,0.5,FALSE,487686.8892,4256630.36,-6083.462094,475.2296992
129,38:53.2,284,1.10E+12,State Rte 1,S,S1200,38.49555168,-123.2006737,46,46,159,159,0.5,FALSE,482498.5478,4260811.886,-249272.8529,-30836.83949
130,38:53.6,284,1.10E+12,State Rte 1,S,S1200,38.52973914,-123.2666238,63,63,114,114,0.5,FALSE,476761.2796,4264625.899,90877.69651,7780.007427
131,38:54.0,284,1.10E+12,State Rte 1,S,S1200,38.5762406,-123.3342785,60,60,124,124,0.5,FALSE,470880.2294,4269812.698,-296.5426475,-28.62369808
132,38:54.3,284,1.10E+12,State Rte 1,S,S1200,38.63685398,-123.38848,86,86,66,66,0.5,FALSE,466187.5946,4276556.573,-8701.246677,-3168.65138
133,38:54.7,284,1.10E+12,State Rte 1,S,S1200,38.70447075,-123.4428563,75,75,82,82,0.5,FALSE,461496.0847,4284082.25,185127.1876,-6192.254866
134,38:55.1,288,1.10E+12,State Rte 12,S,S1200,38.4281037,-122.7678693,97,97,67,67,0.569999993,FALSE,520259.0332,4253341.461,269020.1459,45593.56078
135,38:55.5,299,1.10E+12,Nimitz Fwy,M,S1100,37.78266615,-122.2393592,102,102,65,65,0.959999979,FALSE,566976.3005,4181980.153,-261507.8015,-34704.74678
136,38:55.9,299,1.10E+12,Nimitz Fwy,M,S1100,37.71626992,-122.1737006,107,107,22,22,0.949999988,FALSE,572824.4532,4174661.431,37989.85819,1005.703228
137,38:56.3,299,1.10E+12,Nimitz Fwy,M,S1100,37.65639663,-122.1013296,107,107,34,34,0.949999988,FALSE,579268.1287,4168083.795,-101222.2155,2758.078898
138,38:56.7,299,1.10E+12,Nimitz Fwy,M,S1100,37.57792353,-122.0478863,111,111,23,23,0.949999988,FALSE,584067.4299,4159408.232,99713.18741,-4558.380679
139,38:57.1,299,1.10E+12,Nimitz Fwy,M,S1100,37.51643789,-121.9784858,107,107,54,54,0.949999988,FALSE,590269.3153,4152660.233,-107554.7306,3963.563378
140,38:57.5,324,1.10E+12,Eastshore Fwy,M,S1100,37.99504089,-122.2909237,109,109,58,58,0.959999979,FALSE,562261.0027,4205510.991,3385.121607,-5890.359594
141,38:57.9,354,1.10E+12,State Rte 84,S,S1200,37.31262015,-122.3139855,83,83,85,85,0.5,FALSE,560794.4782,4129781.429,36795.62623,-12047.86973
142,38:58.3,354,1.10E+12,State Rte 84,S,S1200,37.3462757,-122.267528,72,72,96,96,0.5,FALSE,564875.9832,4133543.291,-20161.70173,6289.269339
143,38:58.7,354,1.10E+12,State Rte 84,S,S1200,37.39827365,-122.2560087,47,47,105,105,0.5,FALSE,565852.2522,4139320.517,9210.508942,107.3564019
144,38:59.1,360,1.10E+12,Bayfront Expy,M,S1200,37.48586855,-122.143393,57,57,47,47,0.970000029,FALSE,575736.6519,4149122.283,-20246.99151,2720.249172
145,38:59.5,366,1.10E+12,State Rte 82,S,S1200,37.65987028,-122.4416457,29,54,76,41,0.610000014,FALSE,549251.5384,4168229.838,-168215.5283,575.1185186
146,38:59.9,369,1.10E+12,Pacheco Pass Hwy,M,S1200,37.03305875,-121.3216318,112,112,60,60,0.949999988,FALSE,649277.977,4099859.774,-172.0730733,29.44579993
147,39:00.3,369,1.10E+12,Pacheco Pass Hwy,M,S1200,37.0601205,-121.2361296,112,112,62,62,0.939999998,FALSE,656828.3392,4102997.32,-93500.13409,-870.0230373
148,39:00.7,375,1.10E+12,Bayshore Fwy,M,S1200,37.40347946,-122.0489672,108,108,29,29,0.949999988,FALSE,584176.6795,4140060.796,226454.7722,-13737.5052
149,39:01.1,375,1.10E+12,Bayshore Fwy,M,S1200,37.37987148,-121.9568688,109,109,41,41,0.930000007,FALSE,592357.3572,4137526.38,565188.0021,3364.126863
150,39:01.5,376,1.10E+12,Junipero Serra Fwy,M,S1100,37.35931728,-122.1191202,113,113,27,27,0.790000021,FALSE,578010.1223,4135097.911,-9393.98662,-31.929285
151,39:01.9,376,1.10E+12,Junipero Serra Fwy,M,S1100,37.33424,-122.0327045,116,116,22,22,0.829999983,FALSE,585686.9094,4132396.464,-675650.7846,2866.08056
152,39:02.3,376,1.10E+12,Junipero Serra Fwy,M,S1100,37.31714949,-121.9415652,110,110,25,25,0.920000017,FALSE,593780.9927,4130573.452,91898.55537,-455.0353721
153,39:02.6,379,1.10E+12,State Rte 82,S,S1200,37.39189107,-122.0953684,22,22,12,12,0.949999988,FALSE,580072.6746,4138733.714,6872.665865,1687.074472
154,39:03.0,379,1.10E+12,State Rte 82,S,S1200,37.35213731,-122.0104992,43,43,55,55,0.800000012,FALSE,587634.3463,4134394.124,160063.2941,18183.79279
155,39:03.4,382,1.10E+12,I- 680,I,S1100,37.41314033,-121.8798369,118,118,34,34,0.930000007,FALSE,599127.7886,4141288.254,16560.58321,2146.733411
156,39:03.8,393,1.11E+12,State Rte 113,S,S1200,38.27872073,-121.8053064,93,93,66,66,0.5,FALSE,604494.0869,4237412.097,-2227.882535,-242.6418036
157,39:04.2,393,1.11E+12,State Rte 113,S,S1200,38.35565121,-121.8230912,90,90,32,32,0.5,FALSE,602826.3354,4245939.228,122756.0891,-7028.226977
158,39:04.6,393,1.11E+12,State Rte 113,S,S1200,38.4507816,-121.8224504,50,50,70,70,0.949999988,FALSE,602755.4172,4256505.572,-3467.278093,-354.5698193
159,39:05.0,395,1.11E+11,Rio Vista Rd,M,S1200,38.22847914,-121.9606002,102,102,43,43,0.879999995,FALSE,590980.516,4231681.079,-2.30E-07,6.09E-09
160,39:05.4,399,1.11E+11,I- 505,I,S1100,38.46795046,-121.9434347,122,122,49,49,0.879999995,FALSE,592172.1737,4258280.658,91378.77523,-9059.513972
161,39:05.8,400,1.11E+11,I- 80,I,S1100,38.06632988,-122.2266687,106,106,35,35,0.949999988,FALSE,567833.2062,4213452.235,46341.71992,-17447.87602
162,39:06.4,406,1.10E+12,Sears Point Rd,M,S1200,38.15049214,-122.3841184,95,95,74,74,0.930000007,FALSE,553963.2566,4222694.65,1633.822322,-323.844282
163,39:06.8,409,1.10E+12,State Rte 128,S,S1200,38.76741939,-122.994327,115,115,57,57,0.5,FALSE,500491.9566,4290978.788,-42048.7663,11193.06188
164,39:07.2,415,1.10E+12,Sonoma Hwy,M,S1200,38.37492078,-122.5134881,88,88,77,77,0.939999998,FALSE,542494.9848,4247522.391,95446.0733,12284.87932
165,39:07.6,415,1.10E+12,Sonoma Hwy,M,S1200,38.43635342,-122.5803389,87,87,36,36,0.5,FALSE,536626.1335,4254306.855,35042.80169,1853.343428
166,39:08.0,432,1.10E+12,I- 680,I,S1100,37.53675638,-121.9305295,101,101,37,37,0.949999988,FALSE,594488.8657,4154948.857,14519.53487,8528.616986
167,39:08.4,432,1.10E+12,I- 680,I,S1100,37.60000732,-121.8727866,113,113,53,53,0.910000026,FALSE,599500.3908,4162044.304,-4824.880405,516.0283861
168,39:08.8,432,1.10E+12,I- 680,I,S1100,37.68101645,-121.9147303,113,113,46,46,0.939999998,FALSE,595705.6697,4170987.097,-203234.6322,1396.82902
169,39:09.2,434,1.10E+12,Macarthur Fwy,M,S1100,37.76693317,-122.1526124,110,110,64,64,0.949999988,FALSE,574634.9157,4180291.941,-219743.8546,435.5108718
170,39:09.6,434,1.10E+12,Macarthur Fwy,M,S1100,37.80609239,-122.2363883,113,113,42,42,0.949999988,FALSE,567218.472,4184575.934,-374923.6949,25127.77224
171,39:10.0,455,1.10E+12,US Hwy 101,U,S1200,37.90270092,-122.5155863,47,47,13,13,0.5,FALSE,542592.6424,4195131.754,26318.76288,3093.883318
172,39:10.4,455,1.10E+12,US Hwy 101,U,S1200,37.98574174,-122.5243541,103,103,71,71,0.860000014,FALSE,541772.9416,4204337.657,-50121.56772,-8375.21168
173,39:10.8,455,1.10E+12,US Hwy 101,U,S1200,38.06970332,-122.5387339,111,111,59,59,0.949999988,FALSE,540461.8082,4213649.65,1515.130367,54.19411942
174,39:11.2,455,1.10E+12,US Hwy 101,U,S1200,38.15450234,-122.5678035,109,109,59,59,0.949999988,FALSE,537864.3055,4223043.894,173301.5163,2576.359597
175,39:11.6,467,1.10E+12,State Hwy 29,S,S1200,38.34359162,-122.3263474,75,75,89,89,0.949999988,FALSE,558871.6256,4244164.423,187461.4015,1134.329075
176,39:12.0,467,1.10E+12,State Hwy 29,S,S1200,38.38673073,-122.3500707,101,101,46,46,0.899999976,FALSE,556757.8665,4248924.13,667441.7389,1477.345971
177,39:12.4,467,1.10E+12,State Hwy 29,S,S1200,38.30483813,-122.3042499,101,101,13,13,0.939999998,FALSE,560834.8656,4239871.448,48.84520227,501.6167016
178,39:12.8,474,1.11E+12,State Hwy 1,S,S1200,37.7190211,-122.4744858,39,39,49,49,0.959999979,FALSE,546313.0311,4174781.61,94047.86508,913.5656054
179,39:13.2,474,1.11E+12,State Hwy 1,S,S1200,37.80045755,-122.4693977,79,79,39,39,0.959999979,FALSE,546708.3129,4183810.903,-60803.97967,-272.0370866
180,39:13.6,503,1.10E+12,Junipero Serra Fwy,M,S1100,37.5027735,-122.3313416,117,117,56,56,0.899999976,FALSE,559103.6118,4150849.806,-180542.8586,-1091.905066
181,39:14.0,503,1.10E+12,Junipero Serra Fwy,M,S1100,37.56988578,-122.3959365,116,116,52,52,0.939999998,FALSE,553353.4115,4158266.71,-212201.6202,1566.958776
182,39:14.5,503,1.10E+12,Junipero Serra Fwy,M,S1100,37.64293562,-122.4452765,107,107,46,46,0.949999988,FALSE,548945.0909,4166338.66,66840.73148,1394.042263
183,39:14.9,504,1.10E+12,US Hwy 101,U,S1200,37.62233669,-122.4002419,105,105,42,42,0.939999998,FALSE,552928.1842,4164081.036,77039.58829,3305.002771
184,39:15.4,504,1.10E+12,US Hwy 101,U,S1200,37.57813644,-122.3217715,107,107,56,56,0.949999988,FALSE,559884.8317,4159225.492,-174073.5193,209.3125464
185,39:15.8,504,1.10E+12,US Hwy 101,U,S1200,37.5118854,-122.253652,110,110,40,40,0.949999988,FALSE,565963.103,4151923.946,-84088.80289,-4512.204786
186,39:16.2,504,1.10E+12,US Hwy 101,U,S1200,37.47629738,-122.1677074,110,110,49,49,0.949999988,FALSE,573587.6216,4148039.785,-223983.6042,3275.652339
187,39:16.6,505,1.10E+12,Bayshore Fwy,M,S1200,37.55986166,-122.3023146,107,107,42,42,0.949999988,FALSE,561619.0762,4157213.369,2830.811434,421.7836915
188,39:17.0,505,1.10E+12,Bayshore Fwy,M,S1200,37.49607595,-122.2325639,107,107,37,37,0.949999988,FALSE,567843.7897,4150185.126,-138741.5449,-5973.515618
189,39:17.4,505,1.10E+12,Bayshore Fwy,M,S1200,37.46263289,-122.1448313,108,108,26,26,0.930000007,FALSE,575630.5159,4146547.909,17532.72011,1058.160008
190,39:17.8,506,1.10E+12,el Camino Real,M,S1200,37.49911953,-122.2505153,47,47,69,69,0.959999979,FALSE,566249.5318,4150504.105,253318.1239,1369.727981
191,39:18.1,507,1.10E+12,J Arthur Younger Fwy,M,S1200,37.524192,-122.3323383,104,104,29,29,0.5,FALSE,559000.2827,4153246.318,71864.12261,15633.8351
192,39:18.6,517,1.10E+12,Sinclair Fwy,M,S1100,37.33988343,-121.8517538,83,83,15,15,0.959999979,FALSE,601716.6417,4133199.033,93542.19271,-2944.727511
193,39:19.0,517,1.10E+12,Sinclair Fwy,M,S1100,37.41348105,-121.8802914,115,115,35,35,0.910000026,FALSE,599084.0144,4141335.142,-135896.6258,6049.151675
194,39:19.4,519,1.10E+12,Bayshore Fwy,M,S1200,37.40365814,-122.0488542,108,108,29,29,0.959999979,FALSE,584181.8767,4140081.165,368916.1252,-3127.10713
195,39:19.8,519,1.10E+12,Bayshore Fwy,M,S1200,37.38005403,-121.9567521,109,109,36,36,0.949999988,FALSE,592362.4615,4137553.526,-66077.9814,-449.0050534
196,39:20.2,520,1.10E+12,State Rte 87,S,S1200,37.30062195,-121.8761736,108,108,23,23,0.889999986,FALSE,599605.6754,4128825.687,172563.6231,-1999.698836
197,39:20.6,523,1.10E+12,Nimitz Fwy,M,S1100,37.3633275,-121.9022183,100,100,11,11,0.939999998,FALSE,597209.762,4135739.312,98.70511661,28.71120709
198,39:20.9,540,1.10E+12,I- 80,I,S1100,38.47224901,-121.8249607,117,117,60,60,0.930000007,FALSE,602506.8072,4258873.277,-2.22E-08,-7.58E-09
199,39:21.4,540,1.10E+12,I- 80,I,S1100,38.41418726,-121.9003192,116,116,53,53,0.949999988,FALSE,596002.6188,4252357.852,-16753.15345,-862.198347
200,39:21.8,540,1.10E+12,I- 80,I,S1100,38.35683233,-121.976108,113,113,39,39,0.939999998,FALSE,589465.8301,4245908.672,-22276.96413,194.2052784
201,39:22.2,540,1.10E+12,I- 80,I,S1100,38.29296399,-122.0342951,115,115,39,39,0.949999988,FALSE,584446.9481,4238776.447,4645.223292,-62.93542736
202,39:22.6,540,1.10E+12,I- 80,I,S1100,38.23427878,-122.1055942,112,112,45,45,0.949999988,FALSE,578275.8116,4232191.837,-53063.46862,4144.78887
203,39:23.0,540,1.10E+12,I- 80,I,S1100,38.18258723,-122.1842921,117,117,47,47,0.949999988,FALSE,571446.0733,4226398.849,69786.42002,-1336.028396
204,39:23.4,541,1.11E+11,State Rte 12,S,S1200,38.2433826,-122.0061072,78,78,38,38,0.949999988,FALSE,586971.9655,4233303.289,54.42686473,-7.466157907
205,39:23.8,542,1.11E+11,State Rte 12,S,S1200,38.2431705,-122.0027578,79,79,42,42,0.959999979,FALSE,587271.3616,4233279.416,758.7443778,979.2053542
206,39:24.2,546,1.11E+11,I- 505,I,S1100,38.43183761,-121.9423396,121,121,52,52,0.910000026,FALSE,592314.1257,4254265.51,79572.07003,-61.92710178
207,39:24.6,551,1.10E+12,State Rte 116,S,S1200,38.26310979,-122.6580541,107,107,53,53,0.949999988,FALSE,529910.8685,4235065.488,-3215.901176,210.7378802
208,39:25.0,571,1.10E+12,State Rte 13,S,S1200,37.849686,-122.2304966,68,68,15,15,0.939999998,FALSE,567705.1859,4189415.412,-20980.53569,1424.885611
209,39:25.4,572,1.10E+12,State Rte 84,S,S1200,37.59567384,-121.9042625,78,78,82,82,0.5,FALSE,596736.6725,4161523.948,-7286.638816,25.6653072
210,39:25.8,573,1.10E+12,I- 880,I,S1100,37.52216512,-121.9872485,111,111,16,16,0.939999998,FALSE,589496.4496,4153295.263,-158534.3771,-7884.926214
211,39:26.2,573,1.10E+12,I- 880,I,S1100,37.58703678,-122.0527488,110,110,53,53,0.959999979,FALSE,583642.1266,4160426.569,-243467.1251,-2120.329513
212,39:26.6,573,1.10E+12,I- 880,I,S1100,37.66512819,-122.1070231,101,101,24,24,0.959999979,FALSE,578758.3428,4169033.836,22819.54843,50430.77616
213,39:27.0,573,1.10E+12,I- 880,I,S1100,37.72348692,-122.1813218,107,107,41,41,0.949999988,FALSE,572155.795,4175454.695,-11735.1596,-141.4864759
214,39:27.4,573,1.10E+12,I- 880,I,S1100,37.78756259,-122.2486599,104,104,67,67,0.949999988,FALSE,566160.4892,4182501.798,86420.97462,1679.681217
215,39:27.8,574,1.10E+12,Nimitz Fwy,M,S1100,37.78574677,-122.244593,104,104,67,67,0.949999988,FALSE,566521.9878,4182328.631,68472.64923,1437.641995
216,39:28.2,574,1.10E+12,Nimitz Fwy,M,S1100,37.72034207,-122.178161,109,109,8,8,0.949999988,FALSE,572433.2701,4175098.192,-3101.83883,-63.28153442
217,39:28.6,574,1.10E+12,Nimitz Fwy,M,S1100,37.66134024,-122.1046698,101,101,12,12,0.959999979,FALSE,578966.9123,4168615.935,-11896.85328,999.4393849
218,39:29.0,574,1.10E+12,Nimitz Fwy,M,S1100,37.58333962,-122.0502617,110,110,53,53,0.959999979,FALSE,583867.3141,4160008.952,-13403.14424,211.614481
219,39:29.4,574,1.10E+12,Nimitz Fwy,M,S1100,37.52002394,-121.9833427,110,110,50,50,0.939999998,FALSE,589844.2699,4153055.206,-222378.5268,5906.281877
220,39:29.8,578,1.10E+12,Mission Blvd,M,S1200,37.62229699,-122.038319,51,51,63,63,0.959999979,FALSE,584873.8617,4164346.805,-6859.259619,-65.77664124
221,39:30.2,578,1.10E+12,Mission Blvd,M,S1200,37.56767563,-121.9633799,56,56,63,63,0.5,FALSE,591544.371,4158356.354,272501.3327,-702.1559997
222,39:30.6,604,1.10E+12,State Rte 24,S,S1200,37.89122177,-122.1335495,113,113,49,49,0.959999979,FALSE,576189.5172,4194108.64,96759.45896,-316.001072
223,39:31.0,606,1.10E+12,Eastshore Fwy,M,S1100,37.99192634,-122.307715,109,109,51,51,0.930000007,FALSE,560789.8987,4205140.975,243998.0752,10.41971912
224,39:31.4,608,1.10E+12,US Hwy 101,U,S1200,38.10698202,-122.5631341,112,112,21,21,0.959999979,FALSE,538300.806,4217790.614,754.3813293,135.2696908
225,39:31.8,608,1.10E+12,US Hwy 101,U,S1200,38.02539971,-122.5383314,110,110,63,63,0.949999988,FALSE,540528.993,4208746.873,-138923.081,25.83993499
226,39:32.2,608,1.10E+12,US Hwy 101,U,S1200,37.94666832,-122.5139026,106,106,29,29,0.939999998,FALSE,542706.6945,4200015.057,-42890.91494,-128.3765938
227,39:32.6,609,1.10E+11,Shoreline Hwy,M,S1200,38.16965502,-122.896847,60,60,123,123,0.5,FALSE,509039.5158,4224646.969,-94892.69968,150.8471323
228,39:33.0,609,1.10E+11,Shoreline Hwy,M,S1200,38.23903784,-122.9061294,61,61,102,102,0.5,FALSE,508213.7215,4232346.109,202150.0578,1459.341299
229,39:33.4,614,1.11E+11,State Hwy 128,S,S1200,38.50316123,-122.2893374,61,61,115,115,0.5,FALSE,561967.3241,4261898.966,-11982.53607,1705.495878
230,39:33.8,614,1.11E+11,State Hwy 128,S,S1200,38.48325225,-122.357347,59,59,89,89,0.519999981,FALSE,556054.1507,4259633.944,19458.56733,739.7549425
231,39:34.2,614,1.11E+11,State Hwy 128,S,S1200,38.46066832,-122.4194609,62,62,89,89,0.5,FALSE,550661.3404,4257092.147,-396.1361186,-37.61375979
232,39:34.6,615,1.11E+11,Sage Canyon Rd,M,S1200,38.48965834,-122.3214551,63,63,105,105,0.5,FALSE,559179.096,4260367.532,-14003.31615,-202.0091425
233,39:35.0,615,1.11E+11,Sage Canyon Rd,M,S1200,38.49709277,-122.2537521,73,73,73,73,0.5,FALSE,565075.6467,4261232.712,80491.36761,1380.411012
234,39:35.4,616,1.11E+11,State Hwy 128,S,S1200,38.45565143,-122.1527964,78,78,69,69,0.5,FALSE,573926.5858,4256717.079,-2380.489383,-598.4274371
235,39:35.8,619,1.10E+12,State Hwy 121,S,S1200,38.36326756,-122.2019742,51,51,165,165,0.5,FALSE,569722.9571,4246425.026,81607.70821,-1848.878564
236,39:36.2,619,1.10E+12,State Hwy 121,S,S1200,38.44222336,-122.2014884,59,59,93,93,0.5,FALSE,569684.349,4255195.86,-43559.2473,-483.7923143
237,39:36.6,640,1.10E+12,State Rte 35,S,S1100,37.53025338,-122.3606526,118,118,30,30,0.920000017,FALSE,556493.3054,4153892.542,-47784.44073,-1148.824606
238,39:37.0,642,1.10E+12,Cabrillo Hwy,M,S1200,37.52512017,-122.5110808,81,81,40,40,0.949999988,FALSE,543197.6718,4153237.195,11768.04238,113.3265222
239,39:37.4,649,1.10E+12,State Rte 84,S,S1200,37.48443669,-122.1837602,107,107,13,13,0.939999998,FALSE,572160.4096,4148934.75,-15758.53086,649.4048322
240,39:37.8,652,1.10E+12,I- 280,I,S1100,37.70512861,-122.4710226,104,104,33,33,0.959999979,FALSE,546628.4392,4173225.841,-15221.97191,1216.025382
241,39:38.2,660,1.10E+12,US Hwy 101,U,S1200,37.40365814,-122.0488542,108,108,29,29,0.949999988,FALSE,584181.8767,4140081.165,71.51626948,-43.25073355
242,39:38.6,660,1.10E+12,US Hwy 101,U,S1200,37.38005403,-121.9567521,109,109,36,36,0.949999988,FALSE,592362.4615,4137553.526,-6835.707114,246.8036067
243,39:39.0,660,1.10E+12,US Hwy 101,U,S1200,37.35477206,-121.8666644,113,113,29,29,0.939999998,FALSE,600377.4171,4134848.906,13619.19025,-1229.761805
244,39:39.4,660,1.10E+12,US Hwy 101,U,S1200,37.28255413,-121.808689,114,114,55,55,0.939999998,FALSE,605603.2759,4126874.121,-2326.257111,-5852.80682
245,39:39.8,660,1.10E+12,US Hwy 101,U,S1200,37.22385227,-121.7387032,119,119,49,49,0.939999998,FALSE,611896.1574,4120453.896,63994.88961,-34351.74424
246,39:40.2,660,1.10E+12,US Hwy 101,U,S1200,37.16464397,-121.6649994,118,118,60,60,0.930000007,FALSE,618530.1127,4113975.163,34898.87603,32913.82432
247,39:40.6,660,1.10E+12,US Hwy 101,U,S1200,37.09443341,-121.6022621,107,107,60,60,0.949999988,FALSE,624226.7538,4106268.341,54414.34842,770.9393519
248,39:40.9,660,1.10E+12,US Hwy 101,U,S1200,37.0095714,-121.559459,112,112,44,44,0.949999988,FALSE,628166.3575,4096919.495,926.0497873,17.8303801
249,39:41.4,660,1.10E+12,US Hwy 101,U,S1200,36.9186683,-121.5476179,110,110,70,70,0.959999979,FALSE,629368.3623,4086839.275,-166822.0029,13493.64002
250,39:41.8,661,1.10E+12,US Hwy 101,U,S1200,37.09479408,-121.6028958,117,117,51,51,0.939999998,FALSE,624155.5396,4106314.704,-17206.73847,4293.148307
251,39:42.2,661,1.10E+12,US Hwy 101,U,S1200,37.16496753,-121.6656996,117,117,42,42,0.939999998,FALSE,618464.4137,4114021.649,61458.60854,59112.16012
252,39:42.6,661,1.10E+12,US Hwy 101,U,S1200,37.22409252,-121.7395037,117,117,48,48,0.949999988,FALSE,611825.4011,4120480.045,-13187.86053,-12606.87644
253,39:43.0,661,1.10E+12,US Hwy 101,U,S1200,37.28302868,-121.8091599,113,113,62,62,0.949999988,FALSE,605569.9582,4126941.428,-3325.17576,-1051.212889
254,39:43.4,661,1.10E+12,US Hwy 101,U,S1200,37.35505912,-121.8673581,110,110,7,7,0.930000007,FALSE,600312.3061,4134868.443,101.1432947,49.5749088
255,39:43.8,661,1.10E+12,US Hwy 101,U,S1200,37.38006531,-121.9575366,109,109,41,41,0.930000007,FALSE,592292.2127,4137552.749,-16161.02941,-3806.636899
256,39:44.2,661,1.10E+12,US Hwy 101,U,S1200,37.40362213,-122.0496478,108,108,29,29,0.949999988,FALSE,584111.6504,4140080.457,-17607.22095,754.8641096
257,39:44.6,665,1.10E+12,Sinclair Fwy,M,S1100,37.33966319,-121.8517061,109,109,10,10,0.899999976,FALSE,601716.8886,4133178.718,-28496.77835,-23265.0422
258,39:44.9,665,1.10E+12,Sinclair Fwy,M,S1100,37.4132057,-121.8798562,118,118,34,34,0.829999983,FALSE,599122.0654,4141315.276,11015.67762,-50670.59031
259,39:45.3,667,1.10E+12,State Rte 87,S,S1200,37.33903073,-121.8986211,106,106,15,15,0.959999979,FALSE,597559.9332,4133061.487,7340.406682,-84419.37744
260,39:45.7,668,1.10E+12,Junipero Serra Fwy,M,S1100,37.33446247,-122.031306,115,115,23,23,0.879999995,FALSE,585811.0622,4132418.053,-40027.1737,1860.855018
261,39:46.2,668,1.10E+12,Junipero Serra Fwy,M,S1100,37.35854933,-122.1182674,115,115,31,31,0.920000017,FALSE,578081.2117,4135010.538,52455.37097,1168.108251
262,39:46.6,668,1.10E+12,Junipero Serra Fwy,M,S1100,37.40871572,-122.1930491,118,118,25,25,0.870000005,FALSE,571417.6186,4140517.501,-22437.07525,-12024.19123
263,39:47.0,669,1.10E+12,State Rte 82,S,S1200,37.39197947,-122.0952126,47,47,58,58,0.959999979,FALSE,580088.6883,4138754.184,5073.267317,-3329.050908
264,39:47.4,669,1.10E+12,State Rte 82,S,S1200,37.35227076,-122.0103171,36,36,80,80,0.949999988,FALSE,587650.3506,4134414.608,1506.820463,1334.034652
265,39:47.8,671,1.10E+12,State Rte 82,S,S1200,37.25715793,-121.8051387,55,55,25,25,0.959999979,FALSE,605958.095,4124061.19,6607.634979,96.7598844
266,39:48.2,691,1.10E+12,State Rte 37,S,S1200,38.12265982,-122.3145077,93,93,76,76,0.939999998,FALSE,560082.6063,4219649.274,-37.63552752,-76.32713528
267,39:48.6,692,1.10E+12,US Hwy 101,U,S1200,38.25741572,-122.647556,108,108,53,53,0.920000017,FALSE,530831.6431,4234445.882,-7784.449518,1166.361527
268,39:49.0,692,1.10E+12,US Hwy 101,U,S1200,38.31969787,-122.713904,114,114,30,30,0.949999988,FALSE,525005.7664,4241326.862,-110.1685897,-2.792719886
269,39:49.4,692,1.10E+12,US Hwy 101,U,S1200,38.41356697,-122.7159139,93,109,22,19,0.959999979,FALSE,524802.9331,4251755.864,-634.9232914,-2889.08798
270,39:49.8,692,1.10E+12,US Hwy 101,U,S1200,38.49403829,-122.7531417,113,113,13,13,0.930000007,FALSE,521528.6508,4260665.911,-9702.257498,-1366.115558
271,39:50.2,692,1.10E+12,US Hwy 101,U,S1200,38.55996165,-122.8211179,113,113,44,44,0.889999986,FALSE,515585.0978,4267953.056,-26.58241755,8.944677366
272,39:50.6,692,1.10E+12,US Hwy 101,U,S1200,38.62907965,-122.8779026,111,111,26,26,0.870000005,FALSE,510624.0828,4275625.158,-12935.21439,1358.210396
273,39:51.0,692,1.10E+12,US Hwy 101,U,S1200,38.70619722,-122.9075831,115,115,60,60,0.5,FALSE,508033.5136,4284189.674,16299.80693,1270.524579
274,39:51.4,692,1.10E+12,US Hwy 101,U,S1200,38.7611733,-122.9821252,115,115,62,62,0.5,FALSE,501552.5702,4290288.092,1.450470015,-0.263406646
275,39:51.8,692,1.10E+12,US Hwy 101,U,S1200,38.83847426,-123.0206944,106,106,47,47,0.879999995,FALSE,498203.1056,4298855.868,-352.4924284,30.32737939
276,39:52.2,693,1.10E+12,US Hwy 101,U,S1200,38.25731938,-122.6477673,107,107,53,53,0.949999988,FALSE,530821.0406,4234425.524,3417.932808,441.298501
277,39:52.6,693,1.10E+12,US Hwy 101,U,S1200,38.31962362,-122.7141699,111,111,34,34,0.949999988,FALSE,524989.7602,4241326.812,-1610.723109,1360.116704
278,39:53.0,693,1.10E+12,US Hwy 101,U,S1200,38.41350183,-122.7161359,110,110,11,11,0.939999998,FALSE,524781.6817,4251735.481,515.7120101,-28.83859237
279,39:53.4,693,1.10E+12,US Hwy 101,U,S1200,38.49399005,-122.7533608,111,111,55,55,0.930000007,FALSE,521512.6831,4260665.868,-1648.484078,-288.9882342
280,39:53.8,693,1.10E+12,US Hwy 101,U,S1200,38.55988525,-122.8213425,106,111,29,27,0.879999995,FALSE,515569.1446,4267953.025,471.7482531,-222.5303065
281,39:54.2,693,1.10E+12,US Hwy 101,U,S1200,38.62908655,-122.8780665,115,115,21,21,0.5,FALSE,510618.7702,4275625.151,1675.404268,-110.5572291
282,39:54.6,693,1.10E+12,US Hwy 101,U,S1200,38.70593342,-122.9080365,115,115,60,60,0.5,FALSE,507996.4127,4284142.227,-56.42049725,-216.0599132
283,39:55.0,693,1.10E+12,US Hwy 101,U,S1200,38.7610571,-122.9824156,115,115,60,60,0.5,FALSE,501526.0599,4290267.769,2343.582659,-485.559824
284,39:55.4,693,1.10E+12,US Hwy 101,U,S1200,38.83841824,-123.0208341,110,110,60,60,0.5,FALSE,498192.5113,4298855.871,-503.7016743,-553.6538909
285,39:55.8,694,1.10E+12,State Rte 128,S,S1200,38.68708521,-122.8395791,67,67,78,78,0.5,FALSE,513949.1613,4282064.4,360.9975488,5776.643796
286,39:56.2,694,1.10E+12,State Rte 128,S,S1200,38.63964252,-122.7716914,60,60,113,113,0.5,FALSE,519875.7506,4276821.281,-1103.657604,1466.948409
287,39:56.5,694,1.10E+12,State Rte 128,S,S1200,38.6394848,-122.690582,90,90,75,75,0.5,FALSE,526935.272,4276821.655,172.8865484,-72.86904056
288,39:56.9,700,1.10E+12,State Rte 12,S,S1200,38.3755362,-122.5132533,88,88,77,77,0.939999998,FALSE,542521.2844,4247590.257,11.23438688,446.7699507
289,39:57.3,700,1.10E+12,State Rte 12,S,S1200,38.43660159,-122.5809507,87,87,36,36,0.5,FALSE,536583.3031,4254354.069,-4.075499596,13664.86704
290,39:57.7,712,1.10E+12,Mission Blvd,M,S1200,37.62245833,-122.0386975,39,39,64,64,0.5,FALSE,584830.5633,4164366.678,107.1701207,-7470.143345
291,39:58.2,713,1.10E+11,Niles Blvd,M,S1200,37.59454963,-121.8991578,71,71,98,98,0.5,FALSE,597185.4863,4161393.742,60.61055694,-35498.42151
292,39:58.5,718,1.10E+12,Sinclair Fwy,M,S1100,37.64496985,-121.8894117,108,108,51,51,0.939999998,FALSE,597975.803,4167017.708,-97.69538018,-49496.28022
293,39:58.9,718,1.10E+12,Sinclair Fwy,M,S1100,37.56875773,-121.895184,111,111,64,64,0.839999974,FALSE,597563.7132,4158560.399,-9.59392889,-28964.27612
294,39:59.3,718,1.10E+12,Sinclair Fwy,M,S1100,37.50481699,-121.9337664,106,106,43,43,0.949999988,FALSE,594237.6615,4151417.478,-78.86540053,-2804.608006
295,39:59.7,719,1.10E+12,Sinclair Fwy,M,S1100,37.64506675,-121.8892205,114,114,47,47,0.879999995,FALSE,597991.9571,4167017.9,64.34229086,4796.022577
296,40:00.2,719,1.10E+12,Sinclair Fwy,M,S1100,37.56874763,-121.8947791,112,112,55,55,0.939999998,FALSE,597601.6836,4158540.527,-42.23966302,43195.52868
297,40:00.6,719,1.10E+12,Sinclair Fwy,M,S1100,37.50426157,-121.9328515,113,113,46,46,0.930000007,FALSE,594324.7463,4151350.739,-11.09225681,-47631.27046
298,40:01.0,733,1.11E+12,I- 680,I,S1100,37.97124814,-122.0604632,112,112,17,17,0.939999998,FALSE,582518.6985,4203049.029,35.21284264,-28840.35532
299,40:01.4,733,1.11E+12,I- 680,I,S1100,37.88987746,-122.0589631,114,114,21,21,0.939999998,FALSE,582749.3062,4194016.424,-13.33955279,89643.5238
300,40:01.8,733,1.11E+12,I- 680,I,S1100,37.82374214,-121.9941435,116,116,18,18,0.939999998,FALSE,588528.0753,4186734.978,3.587912969,-27334.37843
301,40:02.2,733,1.11E+12,I- 680,I,S1100,37.73970144,-121.9525103,117,117,54,54,0.939999998,FALSE,592290.6886,4177450.121,17.28906618,76085.42551
302,40:02.6,735,1.10E+12,John T Knox Fwy,M,S1100,37.90847145,-122.3210386,110,110,43,43,0.930000007,FALSE,559688.9699,4195881.764,-7.003279008,-9887.791406
303,40:03.0,743,1.10E+12,Redwood Hwy,M,S1200,37.90270092,-122.5155863,47,47,13,13,0.5,FALSE,542592.6424,4195131.754,17.76529193,117372.8943
304,40:03.4,743,1.10E+12,Redwood Hwy,M,S1200,37.98574174,-122.5243541,103,103,71,71,0.860000014,FALSE,541772.9416,4204337.657,-26.22568781,71924.85016
305,40:03.8,743,1.10E+12,Redwood Hwy,M,S1200,38.06970332,-122.5387339,111,111,59,59,0.949999988,FALSE,540461.8082,4213649.65,-0.271530374,16223.45168
306,40:04.2,743,1.10E+12,Redwood Hwy,M,S1200,38.15450234,-122.5678035,109,109,59,59,0.949999988,FALSE,537864.3055,4223043.894,9.63697749,-158394.491
307,40:04.6,752,1.11E+11,Saint Helena Hwy,M,S1200,38.38233418,-122.3472957,99,99,20,20,0.879999995,FALSE,557006.5208,4248438.239,1.329110298,45311.20947
308,40:05.0,753,1.10E+12,Monticello Rd,M,S1200,38.36326756,-122.2019742,51,51,165,165,0.5,FALSE,569722.9571,4246425.026,-4.225642549,124231.7772
309,40:05.4,753,1.10E+12,Monticello Rd,M,S1200,38.44222336,-122.2014884,59,59,93,93,0.5,FALSE,569684.349,4255195.86,7.80377378,195664.455
310,40:05.8,768,1.10E+12,State Rte 1,S,S1200,37.52512017,-122.5110808,81,81,40,40,0.949999988,FALSE,543197.6718,4153237.195,5.143471804,-56297.04436
311,40:06.2,770,1.10E+12,Cabrillo Hwy,M,S1200,37.16772901,-122.3615405,99,99,71,71,0.5,FALSE,556684.3434,4113670.228,2.475381441,23555.58832
312,40:06.6,770,1.10E+12,Cabrillo Hwy,M,S1200,37.23635416,-122.4153626,96,96,72,72,0.5,FALSE,551863.417,4121250.219,-0.455673237,-29984.58239
313,40:07.0,770,1.10E+12,Cabrillo Hwy,M,S1200,37.3271179,-122.3980801,86,86,57,57,0.5,FALSE,553331.4661,4131328.672,-6.647675063,40958.40987
314,40:07.4,770,1.10E+12,Cabrillo Hwy,M,S1200,37.40540284,-122.4205347,96,96,69,69,0.5,FALSE,551293.5314,4140017.436,-3.003347319,-8050.335012
315,40:07.8,775,1.10E+12,State Rte 82,S,S1200,37.49140288,-122.2412992,44,44,57,57,0.670000017,FALSE,567076.3546,4149671.004,11.86200199,41623.19835
316,40:08.2,783,1.10E+12,State Rte 35,S,S1100,37.59571751,-122.4187642,120,120,30,30,0.930000007,FALSE,551314.4572,4161118.342,-6.143137324,-49241.52506
317,40:08.6,785,1.10E+12,State Rte 1,S,S1200,37.67144219,-122.4760304,100,100,14,14,0.949999988,FALSE,546208.0893,4169498.931,-0.188253693,-121548.0693
318,40:09.0,786,1.10E+12,Cabrillo Hwy,M,S1200,37.60907875,-122.4948498,71,71,52,52,0.959999979,FALSE,544587.5161,4162569.225,-7.909906961,-61086.36368
319,40:09.4,792,1.10E+12,I- 280,I,S1100,37.35931728,-122.1191202,113,113,27,27,0.790000021,FALSE,578010.1223,4135097.911,0.120260652,8896.339886
320,40:09.8,792,1.10E+12,I- 280,I,S1100,37.33424,-122.0327045,116,116,22,22,0.829999983,FALSE,585686.9094,4132396.464,-7.988349462,-54679.94082
321,40:10.2,792,1.10E+12,I- 280,I,S1100,37.31714949,-121.9415652,110,110,25,25,0.920000017,FALSE,593780.9927,4130573.452,12.97860194,-55752.17792
322,40:10.6,792,1.10E+12,I- 280,I,S1100,37.33888691,-121.8528653,109,109,10,10,0.899999976,FALSE,601620.6372,4133089.505,7.354776716,-25698.95727
323,40:11.0,804,1.11E+11,I- 780,I,S1100,38.08916537,-122.2222568,104,104,68,68,0.930000007,FALSE,568202.6736,4216008.623,0.741968412,-43410.64876
324,40:11.4,809,1.10E+12,Redwood Hwy,M,S1200,38.39552662,-122.716239,111,111,62,62,0.930000007,FALSE,524782.5009,4249737.587,1.389733981,-15948.54695
325,40:11.8,809,1.10E+12,Redwood Hwy,M,S1200,38.30398422,-122.708627,111,111,61,61,0.949999988,FALSE,525475.4115,4239594.588,-2.047238755,67324.30503
326,40:12.2,809,1.10E+12,Redwood Hwy,M,S1200,38.24891062,-122.6318829,105,105,52,52,0.949999988,FALSE,532207.8103,4233496.33,8.085351809,-68678.597
327,40:12.6,811,1.10E+12,State Rte 116,S,S1200,38.33776494,-122.7466925,79,79,90,90,0.620000005,FALSE,522135.1286,4243336.667,-5.895906409,-41864.03367
328,40:13.0,832,1.10E+12,State Rte 238,S,S1200,37.60114985,-122.014495,72,72,36,36,0.959999979,FALSE,586999.2577,4162012.017,1.054602639,91419.82213
329,40:13.4,841,1.10E+12,State Rte 185,S,S1200,37.71575334,-122.1432894,46,46,46,46,0.949999988,FALSE,575503.8523,4174638.099,-8.08055475,33319.66673
330,40:13.9,865,1.10E+12,I- 580,I,S1100,37.93253184,-122.3945658,73,73,93,93,0.949999988,FALSE,553200.8123,4198518.905,2.86830106,105045.6978
331,40:14.2,866,1.10E+12,I- 580,I,S1100,37.90908447,-122.3215414,110,110,43,43,0.930000007,FALSE,559650.9188,4195949.211,-0.772471384,94078.40383
332,40:14.6,869,1.10E+12,Redwood Hwy,M,S1200,38.10698202,-122.5631341,112,112,21,21,0.959999979,FALSE,538300.806,4217790.614,3.927415375,-6169.933852
333,40:15.0,873,1.11E+11,State Rte 29,S,S1200,38.47014361,-122.4312552,83,83,65,65,0.5,FALSE,549616.382,4258148.965,5.011959697,-67838.601
334,40:15.5,873,1.11E+11,State Rte 29,S,S1200,38.53056709,-122.5036236,73,73,67,67,0.949999988,FALSE,543265.5101,4264817.336,-6.314689283,-39807.45853
335,40:15.9,873,1.11E+11,State Rte 29,S,S1200,38.57507392,-122.5800308,70,70,66,66,0.949999988,FALSE,536582.4829,4269707.879,2.36118328,26171.29792
336,40:16.3,873,1.11E+11,State Rte 29,S,S1200,38.64161194,-122.5965241,61,61,115,115,0.5,FALSE,535114.4898,4277097.257,-5.961362118,128267.5306
337,40:16.7,874,1.11E+11,Saint Helena Hwy,M,S1200,38.56615871,-122.562552,84,84,50,50,0.939999998,FALSE,538113.0019,4268739.732,-4.539614179,73818.7817
338,40:17.1,879,1.11E+11,Saint Helena Hwy,M,S1200,38.38229981,-122.3470511,103,103,29,29,0.939999998,FALSE,557033.1751,4248438.427,-6.015745215,-78904.87047
339,40:17.5,901,1.10E+12,State Rte 1,S,S1200,37.16772901,-122.3615405,99,99,71,71,0.5,FALSE,556684.3434,4113670.228,-5.328765263,66082.08921
340,40:17.9,901,1.10E+12,State Rte 1,S,S1200,37.23635416,-122.4153626,96,96,72,72,0.5,FALSE,551863.417,4121250.219,15.05318701,111462.5812
341,40:18.3,901,1.10E+12,State Rte 1,S,S1200,37.3271179,-122.3980801,86,86,57,57,0.5,FALSE,553331.4661,4131328.672,-1.544091741,-99255.84292
342,40:18.7,901,1.10E+12,State Rte 1,S,S1200,37.40540284,-122.4205347,96,96,69,69,0.5,FALSE,551293.5314,4140017.436,-2.973822756,143742.1279
343,40:19.1,902,1.10E+12,la Honda Rd,M,S1200,37.31262015,-122.3139855,83,83,85,85,0.5,FALSE,560794.4782,4129781.429,0.816256048,-33555.35622
344,40:19.5,902,1.10E+12,la Honda Rd,M,S1200,37.3462757,-122.267528,72,72,96,96,0.5,FALSE,564875.9832,4133543.291,-7.868297342,-35596.09399
345,40:19.9,902,1.10E+12,la Honda Rd,M,S1200,37.39827365,-122.2560087,47,47,105,105,0.5,FALSE,565852.2522,4139320.517,-20.05689888,-79610.41592
346,40:20.3,908,1.10E+12,State Rte 82,S,S1200,37.49911953,-122.2505153,47,47,69,69,0.959999979,FALSE,566249.5318,4150504.105,16.28902545,-135081.2516
347,40:20.7,910,1.10E+12,State Rte 84,S,S1200,37.48422153,-122.183636,110,110,10,10,0.930000007,FALSE,572176.7743,4148914.576,8.859531679,55379.35634
348,40:21.1,914,1.10E+12,el Camino Real,M,S1200,37.65987028,-122.4416457,29,54,76,41,0.610000014,FALSE,549251.5384,4168229.838,11.98467299,-79333.03774
349,40:21.5,915,1.10E+12,Cabrillo Hwy,M,S1200,37.67144219,-122.4760304,100,100,14,14,0.949999988,FALSE,546208.0893,4169498.931,-1.916733926,-62419.57821
350,40:21.9,920,1.10E+12,Pacheco Pass Hwy,M,S1200,37.03129991,-121.3250458,108,108,50,50,0.949999988,FALSE,648977.4139,4099658.036,-11.67895379,70332.12417
351,40:22.3,920,1.10E+12,Pacheco Pass Hwy,M,S1200,37.05856262,-121.2397064,113,113,63,63,0.939999998,FALSE,656511.5267,4102808.545,-24.55917637,59712.80377
352,40:22.7,922,1.10E+12,State Rte 17,S,S1200,37.23866045,-121.9687962,105,105,56,56,0.779999971,FALSE,591463.6893,4121852.253,-18.25271447,34041.02194
353,40:23.2,922,1.10E+12,State Rte 17,S,S1200,37.16170658,-121.9901384,79,79,75,75,0.959999979,FALSE,589665.3209,4113286.45,13.79778863,13004.68029
354,40:23.5,923,1.10E+12,Santa Cruz Hwy,M,S1200,37.14361762,-121.9849517,88,88,83,83,0.939999998,FALSE,590147.3432,4111293.836,1.6377372,12493.081
355,40:24.0,927,1.10E+12,State Rte 85,S,S1200,37.31633367,-122.0472627,114,114,37,37,0.920000017,FALSE,584425.5933,4130385.863,-102.0155295,-28896.22566
356,40:24.3,927,1.10E+12,State Rte 85,S,S1200,37.26119852,-121.9723339,113,113,50,50,0.730000019,FALSE,591127.8936,4124354.319,-0.092037011,0.633116515
357,40:24.7,927,1.10E+12,State Rte 85,S,S1200,37.25440523,-121.8791793,112,112,16,16,0.930000007,FALSE,599401.3576,4123696.518,-0.734056895,3.628077978
358,40:25.1,927,1.10E+12,State Rte 85,S,S1200,37.23932742,-121.7872388,113,113,52,52,0.939999998,FALSE,607580.0793,4122110.991,6.657390085,2.438373317
359,40:25.5,928,1.10E+12,Bayshore Fwy,M,S1200,37.34158916,-121.8540567,111,111,23,23,0.939999998,FALSE,601508.8048,4133392.913,-6.661944199,-1.889760689
360,40:25.9,928,1.10E+12,Bayshore Fwy,M,S1200,37.26574726,-121.8016938,114,114,46,46,0.949999988,FALSE,606249.1116,4125019.808,143.0745814,7587.032366
361,40:26.3,930,1.10E+12,I- 680,I,S1100,37.38246184,-121.8610319,113,113,32,32,0.930000007,FALSE,600832.3933,4137915.592,96088.50242,32783.193
362,40:26.7,934,1.10E+12,State Rte 9,S,S1200,37.25894273,-122.1048802,61,61,130,130,0.5,FALSE,579380.2373,4123991.162,-37.82970431,-11.74194099
363,40:27.1,952,1.11E+11,State Rte 12,S,S1200,38.22659222,-121.8946097,95,95,46,46,0.889999986,FALSE,596752.5983,4231544.738,-53.42045331,-18.35086186
364,40:27.5,952,1.11E+11,State Rte 12,S,S1200,38.18365179,-121.8157198,90,90,76,76,0.910000026,FALSE,603726.6802,4226862.345,50.57540841,17.00803698
365,40:27.9,952,1.11E+11,State Rte 12,S,S1200,38.18022733,-121.7214233,83,83,86,86,0.939999998,FALSE,611985.5538,4226592.764,50.57540841,17.00803698
366,40:28.3,958,1.10E+12,River Rd,M,S1200,38.46777898,-123.035392,76,76,81,81,0.5,FALSE,496910.6237,4257732.216,49.93863605,16.86385684
367,40:28.7,967,1.10E+12,State Rte 12,S,S1200,38.24637398,-122.425006,82,82,65,65,0.949999988,FALSE,550314.102,4233324.456,49.93863605,16.86385684
368,40:29.1,973,1.10E+12,State Rte 13,S,S1200,37.80826033,-122.1946146,104,104,44,44,0.939999998,FALSE,570896.8281,4184850.616,48.70189552,16.46105655
369,40:29.5,975,1.10E+12,I- 880,I,S1100,37.52228155,-121.9870149,111,111,18,18,0.949999988,FALSE,589512.6302,4153295.437,48.70189552,16.46105655
370,40:29.9,975,1.10E+12,I- 880,I,S1100,37.58712771,-122.0525265,111,111,57,57,0.939999998,FALSE,583652.6993,4160446.993,-56.2726287,-19.24593847
371,40:30.3,975,1.10E+12,I- 880,I,S1100,37.66523413,-122.106772,108,108,23,23,0.959999979,FALSE,578785.0651,4169054.408,-23.03313866,-7.737364385
372,40:30.7,975,1.10E+12,I- 880,I,S1100,37.72356692,-122.1810819,106,106,38,38,0.949999988,FALSE,572166.3752,4175475.105,40.80557989,13.80992051
373,40:31.1,975,1.10E+12,I- 880,I,S1100,37.78766145,-122.2483845,105,105,50,50,0.949999988,FALSE,566176.3943,4182529.015,40.80557989,13.80992051
374,40:31.5,975,1.10E+12,I- 880,I,S1100,37.83387593,-122.2945084,102,102,57,57,0.959999979,FALSE,562080.1411,4187623.72,7.060770531,2.390637603
375,40:31.9,987,1.11E+12,I- 580,I,S1100,37.79653623,-122.2103401,112,112,48,48,0.949999988,FALSE,569521.6939,4183531.808,7.060770531,2.390637603
376,40:32.3,987,1.11E+12,I- 580,I,S1100,37.74343487,-122.1464773,110,110,45,45,0.959999979,FALSE,575196.153,4177703.196,13.84258383,4.489511877
377,40:32.7,987,1.11E+12,I- 580,I,S1100,37.69090967,-122.0776218,112,112,26,26,0.939999998,FALSE,581324.8433,4171923.44,13.84258383,4.489511877
378,40:33.1,987,1.11E+12,I- 580,I,S1100,37.69983141,-121.9864957,115,115,60,60,0.939999998,FALSE,589343.0235,4173001.848,9.943589377,3.282892142
379,40:33.5,987,1.11E+12,I- 580,I,S1100,37.70177,-121.8919992,107,107,33,33,0.939999998,FALSE,597669.7401,4173319.632,9.943589377,3.282892142
380,40:33.9,987,1.11E+12,I- 580,I,S1100,37.70089886,-121.7968701,115,115,26,26,0.939999998,FALSE,606059.5206,4173314.755,43.77001207,14.79119318
381,40:34.3,987,1.11E+12,I- 580,I,S1100,37.71710066,-121.7049563,117,117,17,17,0.959999979,FALSE,614143.4785,4175217.482,43.77001207,14.79119318
382,40:34.7,987,1.11E+12,I- 580,I,S1100,37.73669723,-121.6157675,101,101,71,71,0.949999988,FALSE,621965.5782,4177503.714,-6.86244386,-2.310145891
383,40:35.1,1003,1.10E+12,State Rte 4,S,S1200,37.998255,-121.8061143,9,21,44,19,0.949999988,FALSE,604825.1189,4206298.379,6.082624131,1.877398795
384,40:35.5,1003,1.10E+12,State Rte 4,S,S1200,38.01942795,-121.8985389,114,114,63,63,0.959999979,FALSE,596683.6009,4208548.294,6.082624131,1.877398795
385,40:35.9,1003,1.10E+12,State Rte 4,S,S1200,38.01675912,-121.9914772,114,114,34,34,0.959999979,FALSE,588532.5267,4208171.366,12.827829,4.17894132
386,40:36.3,1003,1.10E+12,State Rte 4,S,S1200,37.99149617,-122.0824598,110,110,48,48,0.949999988,FALSE,580572.0109,4205271.425,12.827829,4.17894132
387,40:36.7,1003,1.10E+12,State Rte 4,S,S1200,38.00801277,-122.1678148,115,115,55,55,0.939999998,FALSE,573057.605,4207042.969,1.916612308,0.767350181
388,40:37.1,1003,1.10E+12,State Rte 4,S,S1200,38.01365231,-122.2578401,109,109,20,20,0.949999988,FALSE,565149.2599,4207592.364,54.2696141,18.25109862
389,40:37.4,1004,1.10E+12,State Rte 4,S,S1200,38.01565571,-122.1809372,111,111,53,53,0.879999995,FALSE,571898.1838,4207872.494,54.2696141,18.25109862
390,40:37.8,1004,1.10E+12,State Rte 4,S,S1200,37.99077256,-122.0979866,113,113,50,50,0.899999976,FALSE,579211.3526,4205190.395,-6.53515193,-2.366520701
391,40:38.2,1004,1.10E+12,State Rte 4,S,S1200,38.0120239,-122.0061883,110,110,39,39,0.949999988,FALSE,587247.0388,4207622.461,25.66082653,8.668495607
392,40:38.6,1004,1.10E+12,State Rte 4,S,S1200,38.01992927,-121.9140328,115,115,61,61,0.939999998,FALSE,595321.9938,4208600.015,25.66082653,8.668495607
393,40:39.0,1004,1.10E+12,State Rte 4,S,S1200,37.99935277,-121.8214877,22,28,19,15,0.959999979,FALSE,603478.5193,4206396.361,-24.88028976,-8.458569659
394,40:39.4,1004,1.10E+12,State Rte 4,S,S1200,37.96849942,-121.7390266,106,106,40,40,0.939999998,FALSE,610759.5949,4203071.157,-24.88028976,-8.458569659
395,40:39.8,1006,1.10E+12,State Rte 24,S,S1200,37.89005275,-122.1740393,112,112,37,37,0.949999988,FALSE,572627.1813,4193940.872,24.88944448,8.527882922
396,40:40.2,1007,1.10E+12,State Rte 4,S,S1200,37.90083526,-121.7188366,94,94,41,41,0.949999988,FALSE,612637.3666,4195591.651,17.52477877,5.93458176
397,40:40.6,1015,1.11E+11,State Hwy 128,S,S1200,38.52097049,-122.49336,74,74,46,46,0.899999976,FALSE,544170.4344,4263758.933,17.52477877,5.93458176
398,40:41.0,1015,1.11E+11,State Hwy 128,S,S1200,38.5698547,-122.5670129,86,86,45,45,0.949999988,FALSE,537717.6399,4269137.457,-6.159712885,-2.074559591
399,40:41.4,1038,1.10E+12,I- 280,I,S1100,37.62981452,-122.4343389,115,115,26,26,0.939999998,FALSE,549912.2585,4164902.024,-6.159712885,-2.074559591
400,40:41.8,1038,1.10E+12,I- 280,I,S1100,37.55944821,-122.3825229,114,114,59,59,0.949999988,FALSE,554535.9845,4157123.18,-7.779333608,-2.674733762
401,40:42.2,1038,1.10E+12,I- 280,I,S1100,37.49787302,-122.315268,116,116,60,60,0.930000007,FALSE,560531.6843,4150331.869,-27.5889757,-9.385218091
402,40:42.6,1038,1.10E+12,I- 280,I,S1100,37.44259441,-122.2527905,120,120,34,34,0.930000007,FALSE,566094.1604,4144245.591,8.323012539,2.781039018
403,40:43.0,1045,1.10E+12,State Rte 92,S,S1200,37.52422737,-122.3324558,103,103,33,33,0.939999998,FALSE,558989.4962,4153246.241,8.323012539,2.781039018
404,40:43.4,1046,1.10E+12,J Arthur Younger Fwy,M,S1200,37.52422737,-122.3324558,103,103,33,33,0.939999998,FALSE,558989.4962,4153246.241,5.077997487,1.694171716
405,40:43.8,1053,1.10E+12,el Camino Real,M,S1200,37.4705482,-122.2136426,44,44,52,52,0.959999979,FALSE,569534.6398,4147361.608,5.077997487,1.694171716
406,40:44.2,1056,1.10E+12,State Rte 1,S,S1200,37.60907875,-122.4948498,71,71,52,52,0.959999979,FALSE,544587.5161,4162569.225,-26.07379359,-8.845661213
407,40:44.6,1062,1.10E+12,State Rte 17,S,S1200,37.23938662,-121.9680332,97,97,58,58,0.920000017,FALSE,591533.1102,4121941.048,4.296083132,1.424903139
408,40:45.0,1062,1.10E+12,State Rte 17,S,S1200,37.16215259,-121.990808,80,80,80,80,0.959999979,FALSE,589604.9871,4113353.528,10.00965723,3.39225138
409,40:45.4,1065,1.10E+12,US Hwy 101,U,S1200,36.91873164,-121.5477014,112,112,52,52,0.939999998,FALSE,629357.4884,4086839.109,4.336156478,1.44154416
410,40:45.9,1066,1.10E+12,State Rte 152,S,S1200,37.00920548,-121.665981,83,83,87,87,0.939999998,FALSE,618690.9373,4096733.949,5.026824309,1.703308639
411,40:46.3,1068,1.10E+12,State Rte 85,S,S1200,37.25570059,-121.8652986,110,110,20,20,0.910000026,FALSE,600623.107,4123839.755,5.026824309,1.703308639
412,40:46.7,1068,1.10E+12,State Rte 85,S,S1200,37.25692762,-121.9590073,114,114,20,20,0.910000026,FALSE,592312.9079,4123899.988,0.005215939,0.001762857
413,40:47.0,1068,1.10E+12,State Rte 85,S,S1200,37.3061759,-122.038123,112,112,50,50,0.920000017,FALSE,585242.7311,4129283.51,-0.00357026,-0.00120749
414,40:47.4,1068,1.10E+12,State Rte 85,S,S1200,37.39191866,-122.0683398,111,111,46,46,0.779999971,FALSE,582471.5415,4138757.06,-0.004284701,-0.001452536
415,40:47.8,1069,1.10E+12,State Rte 237,S,S1200,37.4124524,-121.9851062,106,106,33,33,0.920000017,FALSE,589811.107,4141115.053,-0.004284701,-0.001452536
416,40:48.2,1069,1.10E+12,State Rte 237,S,S1200,37.43326249,-121.8946475,38,38,70,70,0.959999979,FALSE,597794.3631,4143514.243,0.023508097,0.007960861
417,40:48.6,1069,1.10E+12,State Rte 237,S,S1200,37.41908884,-121.9652193,105,105,21,21,0.939999998,FALSE,591563.8701,4141872.295,0.001139795,0.000386007
418,40:49.0,1069,1.10E+12,State Rte 237,S,S1200,37.38960851,-122.0546257,93,97,39,37,0.620000005,FALSE,583684.2253,4138525.325,0.001672558,0.000569335
