OBJECTID,DATETIME_,ORIG_FID,LINEARID,FULLNAME,RTTYP,MTFCC,Lat,Lon,currentSpeed,freeFlowSpeed,currentTravelTime,freeFlowTravelTime,confidence,roadClosure,x,y
1,38:01.3,15,1104490000000.000000000000000,State Rte 238,S,S1200,37.601168840000000,-122.014341500000000,61,61,42,42,0.800000012000000,FALSE,587009.748900000005960,4162039.216800000518560
2,38:01.7,19,1104470000000.000000000000000,State Rte 185,S,S1200,37.715701070000001,-122.143410500000002,45,45,47,47,0.939999998000000,FALSE,575504.038200000301003,4174617.783600000664592
3,38:02.2,22,1104490000000.000000000000000,Arthur H Breed Fwy,M,S1100,37.703156980000003,-122.014027100000007,115,115,61,61,0.939999998000000,FALSE,586917.718399999663234,4173355.234600000083447
4,38:02.6,22,1104490000000.000000000000000,Arthur H Breed Fwy,M,S1100,37.701654120000001,-121.920141799999996,110,110,19,19,0.949999988000000,FALSE,595194.901800000108778,4173270.413599999621511
5,38:03.0,22,1104490000000.000000000000000,Arthur H Breed Fwy,M,S1100,37.701155380000003,-121.825033399999995,115,115,60,60,0.939999998000000,FALSE,603578.504399999976158,4173323.902100000530481
6,38:03.5,22,1104490000000.000000000000000,Arthur H Breed Fwy,M,S1100,37.706147729999998,-121.730900899999995,114,114,21,21,0.949999988000000,FALSE,611868.017900000326335,4173987.449300000444055
7,38:03.8,35,1105050000000.000000000000000,I- 680,I,S1100,37.971056570000002,-122.060039500000002,112,112,11,11,0.939999998000000,FALSE,582561.791500000283122,4203029.145099999383092
8,38:04.3,35,1105050000000.000000000000000,I- 680,I,S1100,37.889767319999997,-122.058269499999994,113,113,38,38,0.930000007000000,FALSE,582802.975300000049174,4194016.965399999171495
9,38:04.7,35,1105050000000.000000000000000,I- 680,I,S1100,37.823379220000000,-121.993720900000000,115,115,16,16,0.850000024000000,FALSE,588560.597400000318885,4186708.236800000071526
10,38:05.1,35,1105050000000.000000000000000,I- 680,I,S1100,37.739364389999999,-121.951993400000006,115,115,59,59,0.939999998000000,FALSE,592344.694400000385940,4177430.407199999317527
11,38:05.5,39,1104480000000.000000000000000,John T Knox Fwy,M,S1100,37.907922419999998,-122.320384399999995,110,110,27,27,0.939999998000000,FALSE,559748.483699999749660,4195814.474500000476837
12,38:05.9,40,1104490000000.000000000000000,I- 80,I,S1100,37.995085740000000,-122.289954100000003,111,111,31,31,0.949999988000000,FALSE,562341.390399999916553,4205511.604299999773502
13,38:06.3,40,1104490000000.000000000000000,I- 80,I,S1100,37.927777030000001,-122.322344299999997,108,108,13,13,0.939999998000000,FALSE,559555.276300000026822,4198034.402000000700355
14,38:06.7,41,1104490000000.000000000000000,I- 80,I,S1100,37.995040889999999,-122.290923699999993,109,109,58,58,0.959999979000000,FALSE,562261.002700000070035,4205510.991399999707937
15,38:07.1,41,1104490000000.000000000000000,I- 80,I,S1100,37.927183800000002,-122.322332599999996,109,109,50,50,0.959999979000000,FALSE,559555.768600000068545,4197966.681900000199676
16,38:07.5,44,1104330000000.000000000000000,State Rte 1,S,S1200,37.865815820000002,-122.575526900000000,45,45,174,174,0.500000000000000,FALSE,537336.602099999785423,4191022.599899999797344
17,38:07.9,44,1104330000000.000000000000000,State Rte 1,S,S1200,37.892256179999997,-122.633466600000006,44,44,153,153,0.500000000000000,FALSE,532225.037800000049174,4193926.439300000667572
18,38:08.3,44,1104330000000.000000000000000,State Rte 1,S,S1200,37.939939610000003,-122.705210699999995,63,63,99,99,0.500000000000000,FALSE,525902.610600000247359,4199186.173399999737740
19,38:08.8,44,1104330000000.000000000000000,State Rte 1,S,S1200,38.008297499999998,-122.762840100000005,66,66,108,108,0.500000000000000,FALSE,520820.498700000345707,4206763.092499999329448
20,38:09.2,44,1104330000000.000000000000000,State Rte 1,S,S1200,38.079953330000002,-122.806301300000001,59,59,123,123,0.500000000000000,FALSE,516994.269500000402331,4214718.187200000509620
21,38:09.6,44,1104330000000.000000000000000,State Rte 1,S,S1200,38.131950709999998,-122.868235900000002,70,70,87,87,0.500000000000000,FALSE,511547.537100000306964,4220478.491000000387430
22,38:09.9,44,1104330000000.000000000000000,State Rte 1,S,S1200,38.197331400000003,-122.920272400000002,57,57,119,119,0.500000000000000,FALSE,506978.530799999833107,4227712.741000000387430
23,38:10.4,44,1104330000000.000000000000000,State Rte 1,S,S1200,38.276278019999999,-122.899996000000002,75,75,77,77,0.500000000000000,FALSE,508743.386500000022352,4236477.758199999108911
24,38:10.7,53,110764000000.000000000000000,Saint Helena Hwy,M,S1200,38.470143610000001,-122.431255199999995,83,83,65,65,0.500000000000000,FALSE,549616.382000000216067,4258148.964900000020862
25,38:11.2,76,1104470000000.000000000000000,State Rte 35,S,S1200,37.465314669999998,-122.346901799999998,74,74,95,95,0.500000000000000,FALSE,557751.335500000044703,4146689.178899999707937
26,38:11.6,76,1104470000000.000000000000000,State Rte 35,S,S1200,37.407123710000000,-122.306843900000004,74,74,93,93,0.500000000000000,FALSE,561344.951999999582767,4140261.320800000801682
27,38:11.9,76,1104470000000.000000000000000,State Rte 35,S,S1200,37.363573299999999,-122.247037599999999,79,79,88,88,0.500000000000000,FALSE,566677.030199999921024,4135487.422599999234080
28,38:12.3,78,1104480000000.000000000000000,Coast Hwy,M,S1200,37.525120170000001,-122.511080800000002,81,81,40,40,0.949999988000000,FALSE,543197.671799999661744,4153237.195199999958277
29,38:12.7,79,1104260000000.000000000000000,Skyline Blvd,M,S1200,37.435010689999999,-122.319938100000002,75,75,98,98,0.500000000000000,FALSE,560166.572100000455976,4143360.994699999690056
30,38:13.2,79,1104260000000.000000000000000,Skyline Blvd,M,S1200,37.389351120000001,-122.275283000000002,56,56,125,125,0.500000000000000,FALSE,564158.218399999663234,4138305.097599999979138
31,38:13.6,79,1104260000000.000000000000000,Skyline Blvd,M,S1200,37.335020589999999,-122.216703600000002,76,76,92,92,0.500000000000000,FALSE,569389.568900000303984,4132333.493899999186397
32,38:14.0,82,1104480000000.000000000000000,I- 280,I,S1100,37.449552300000001,-122.277365300000000,119,119,58,58,0.720000029000000,FALSE,563923.288499999791384,4144987.111300000920892
33,38:14.4,82,1104480000000.000000000000000,I- 280,I,S1100,37.507601579999999,-122.339337700000002,119,119,11,11,0.750000000000000,FALSE,558392.993999999947846,4151400.079800000414252
34,38:14.8,82,1104480000000.000000000000000,I- 280,I,S1100,37.577312560000003,-122.401409200000003,115,115,29,29,0.939999998000000,FALSE,552852.316499999724329,4159082.898199999704957
35,38:15.2,83,1104480000000.000000000000000,Bayshore Fwy,M,S1200,37.622336689999997,-122.400241899999997,105,105,42,42,0.939999998000000,FALSE,552928.184200000017881,4164081.035700000822544
36,38:15.6,83,1104480000000.000000000000000,Bayshore Fwy,M,S1200,37.578136440000002,-122.321771499999997,107,107,56,56,0.949999988000000,FALSE,559884.831699999980628,4159225.491800000891089
37,38:15.9,83,1104480000000.000000000000000,Bayshore Fwy,M,S1200,37.511885399999997,-122.253652000000002,110,110,40,40,0.949999988000000,FALSE,565963.103000000119209,4151923.945599999278784
38,38:16.4,83,1104480000000.000000000000000,Bayshore Fwy,M,S1200,37.476297379999998,-122.167707399999998,110,110,49,49,0.949999988000000,FALSE,573587.621600000187755,4148039.785299999639392
39,38:16.8,84,1104480000000.000000000000000,US Hwy 101,U,S1200,37.622323010000002,-122.400584499999994,110,110,30,30,0.939999998000000,FALSE,552901.253399999812245,4164080.863600000739098
40,38:17.2,84,1104480000000.000000000000000,US Hwy 101,U,S1200,37.578159839999998,-122.322100599999999,106,106,32,32,0.949999988000000,FALSE,559857.738199999555945,4159245.612099999561906
41,38:17.6,84,1104480000000.000000000000000,US Hwy 101,U,S1200,37.511876440000002,-122.253996200000003,111,111,50,50,0.939999998000000,FALSE,565936.132199999876320,4151923.731699999421835
42,38:18.0,84,1104480000000.000000000000000,US Hwy 101,U,S1200,37.476293269999999,-122.168064200000003,111,111,61,61,0.939999998000000,FALSE,573555.241100000217557,4148039.499199999496341
43,38:18.4,86,1104480000000.000000000000000,State Rte 82,S,S1200,37.659998229999999,-122.441510899999997,48,48,62,62,0.970000029000000,FALSE,549256.800900000147521,4168250.184900000691414
44,38:18.8,87,1104470000000.000000000000000,Coast Hwy,M,S1200,37.671442190000000,-122.476030399999999,100,100,14,14,0.939999998000000,FALSE,546208.089300000108778,4169498.931399999186397
45,38:19.3,88,1104480000000.000000000000000,Coast Hwy,M,S1200,37.609078750000002,-122.494849799999997,71,71,52,52,0.959999979000000,FALSE,544587.516099999658763,4162569.224899999797344
46,38:19.7,91,1104480000000.000000000000000,State Rte 152,S,S1200,37.027225719999997,-121.327505500000001,112,112,40,40,0.949999988000000,FALSE,648762.680300000123680,4099207.188599999994040
47,38:20.2,91,1104480000000.000000000000000,State Rte 152,S,S1200,37.056354440000000,-121.243837900000003,107,107,58,58,0.939999998000000,FALSE,656157.835199999623001,4102558.134999999776483
48,38:20.6,97,1104490000000.000000000000000,State Rte 130,S,S1200,37.363159199999998,-121.759935200000001,40,40,136,136,0.500000000000000,FALSE,609814.275399999693036,4135895.392799999564886
49,38:21.1,97,1104490000000.000000000000000,State Rte 130,S,S1200,37.329238779999997,-121.691119999999998,35,35,163,163,0.500000000000000,FALSE,615958.079499999992549,4132205.802799999713898
50,38:21.5,97,1104490000000.000000000000000,State Rte 130,S,S1200,37.338018030000001,-121.653070999999997,37,37,194,194,0.500000000000000,FALSE,619313.077700000256300,4133228.284299999475479
51,38:22.0,97,1104490000000.000000000000000,State Rte 130,S,S1200,37.349767739999997,-121.600444699999997,42,42,158,158,0.500000000000000,FALSE,623959.801099999807775,4134609.851099999621511
52,38:22.4,97,1104490000000.000000000000000,State Rte 130,S,S1200,37.350635560000001,-121.536617199999995,52,52,129,129,0.500000000000000,FALSE,629607.843999999575317,4134783.532999999821186
53,38:22.8,97,1104490000000.000000000000000,State Rte 130,S,S1200,37.350614059999998,-121.478211099999996,73,73,76,76,0.500000000000000,FALSE,634781.494800000451505,4134865.319099999964237
54,38:23.2,97,1104490000000.000000000000000,State Rte 130,S,S1200,37.389317980000001,-121.450717499999996,50,50,76,76,0.500000000000000,FALSE,637149.404400000348687,4139184.819800000637770
55,38:23.6,102,1104490000000.000000000000000,I- 280,I,S1100,37.359534369999999,-122.118959599999997,115,115,31,31,0.920000017000000,FALSE,578025.958599999547005,4135138.691400000825524
56,38:24.0,102,1104490000000.000000000000000,I- 280,I,S1100,37.334428750000001,-122.032510200000004,27,27,20,20,0.949999988000000,FALSE,585713.736299999989569,4132417.055299999192357
57,38:24.4,102,1104490000000.000000000000000,I- 280,I,S1100,37.317337739999999,-121.941372200000004,109,109,15,15,0.920000017000000,FALSE,593807.730700000189245,4130600.841299999505281
58,38:24.8,102,1104490000000.000000000000000,I- 280,I,S1100,37.339272059999999,-121.852787800000002,112,112,23,23,0.949999988000000,FALSE,601620.143699999898672,4133130.134199999272823
59,38:25.2,108,1104490000000.000000000000000,State Rte 82,S,S1200,37.257334239999999,-121.804949500000006,45,45,61,61,0.850000024000000,FALSE,605984.816200000233948,4124088.618000000715256
60,38:25.6,126,1105050000000.000000000000000,I- 680,I,S1100,38.119124419999999,-122.106247800000006,113,113,22,22,0.939999998000000,FALSE,578345.688500000163913,4219405.070100000128150
61,38:26.0,126,1105050000000.000000000000000,I- 680,I,S1100,38.204899210000001,-122.138156899999998,108,108,59,59,0.870000005000000,FALSE,575453.681900000199676,4228900.475899999961257
62,38:26.4,140,1104480000000.000000000000000,Redwood Hwy,M,S1200,38.257415719999997,-122.647555999999994,108,108,53,53,0.930000007000000,FALSE,530831.643099999986589,4234445.881999999284744
63,38:26.8,140,1104480000000.000000000000000,Redwood Hwy,M,S1200,38.319697869999999,-122.713903999999999,114,114,30,30,0.949999988000000,FALSE,525005.766400000080466,4241326.861600000411272
64,38:27.2,140,1104480000000.000000000000000,Redwood Hwy,M,S1200,38.413566969999998,-122.715913900000004,93,109,22,19,0.959999979000000,FALSE,524802.933100000023842,4251755.863700000569224
65,38:27.6,140,1104480000000.000000000000000,Redwood Hwy,M,S1200,38.494038289999999,-122.753141700000000,113,113,13,13,0.930000007000000,FALSE,521528.650799999944866,4260665.910800000652671
66,38:28.0,140,1104480000000.000000000000000,Redwood Hwy,M,S1200,38.559961649999998,-122.821117900000004,113,113,44,44,0.889999986000000,FALSE,515585.097799999639392,4267953.055600000545382
67,38:28.4,140,1104480000000.000000000000000,Redwood Hwy,M,S1200,38.629079650000001,-122.877902599999999,111,111,26,26,0.870000005000000,FALSE,510624.082799999974668,4275625.157999999821186
68,38:28.8,140,1104480000000.000000000000000,Redwood Hwy,M,S1200,38.706197220000000,-122.907583099999997,115,115,60,60,0.500000000000000,FALSE,508033.513600000180304,4284189.673800000920892
69,38:29.2,140,1104480000000.000000000000000,Redwood Hwy,M,S1200,38.761173300000003,-122.982125199999999,115,115,62,62,0.500000000000000,FALSE,501552.570199999958277,4290288.092199999839067
70,38:29.6,140,1104480000000.000000000000000,Redwood Hwy,M,S1200,38.838474259999998,-123.020694399999996,106,106,47,47,0.879999995000000,FALSE,498203.105600000359118,4298855.868200000375509
71,38:30.0,145,1104260000000.000000000000000,State Rte 116,S,S1200,38.237097239999997,-122.517195299999997,84,84,66,66,0.959999979000000,FALSE,542249.608599999919534,4232235.403799999505281
72,38:30.4,146,1104470000000.000000000000000,State Rte 116,S,S1200,38.467778979999999,-123.035392000000002,76,76,81,81,0.500000000000000,FALSE,496910.623700000345707,4257732.215900000184774
73,38:30.8,146,1104470000000.000000000000000,State Rte 116,S,S1200,38.501071709999998,-123.005132500000002,59,59,56,56,0.500000000000000,FALSE,499551.780000000260770,4261415.895700000226498
74,38:31.2,146,1104470000000.000000000000000,State Rte 116,S,S1200,38.476972130000000,-122.932631000000001,68,68,101,101,0.500000000000000,FALSE,505876.330099999904633,4258756.423599999397993
75,38:31.6,146,1104470000000.000000000000000,State Rte 116,S,S1200,38.436709819999997,-122.857530400000002,66,66,53,53,0.870000005000000,FALSE,512436.890599999576807,4254280.490000000223517
76,38:32.1,149,1104470000000.000000000000000,Bay Hwy,M,S1200,38.337340249999997,-122.981002500000002,83,83,85,85,0.500000000000000,FALSE,501657.733099999837577,4243238.763299999758601
77,38:32.5,163,1104490000000.000000000000000,I- 80,I,S1100,37.886256490000001,-122.308928800000004,106,106,28,28,0.939999998000000,FALSE,560769.597099999897182,4193424.567600000649691
78,38:32.9,168,1104470000000.000000000000000,I- 680,I,S1100,37.644969850000003,-121.889411699999997,108,108,51,51,0.959999979000000,FALSE,597975.803000000305474,4167017.708300000056624
79,38:33.3,168,1104470000000.000000000000000,I- 680,I,S1100,37.568757730000002,-121.895184000000000,111,111,64,64,0.839999974000000,FALSE,597563.713200000114739,4158560.399000000208616
80,38:33.7,168,1104470000000.000000000000000,I- 680,I,S1100,37.504816990000002,-121.933766399999996,106,106,43,43,0.959999979000000,FALSE,594237.661500000394881,4151417.477800000458956
81,38:34.1,170,1105080000000.000000000000000,I- 580,I,S1100,37.796002510000001,-122.209674800000002,109,109,43,43,0.949999988000000,FALSE,569586.578200000338256,4183484.949500000104308
82,38:34.5,170,1105080000000.000000000000000,I- 580,I,S1100,37.742730750000000,-122.145976099999999,114,114,45,45,0.939999998000000,FALSE,575240.037999999709427,4177608.782400000840425
83,38:34.9,170,1105080000000.000000000000000,I- 580,I,S1100,37.690554040000002,-122.077258999999998,112,112,30,30,0.930000007000000,FALSE,581357.397900000214577,4171896.670800000429153
84,38:35.3,170,1105080000000.000000000000000,I- 580,I,S1100,37.699426529999997,-121.986107700000005,113,113,60,60,0.949999988000000,FALSE,589381.128200000151992,4172961.624199999496341
85,38:35.7,170,1105080000000.000000000000000,I- 580,I,S1100,37.701427400000000,-121.891638400000005,114,114,17,17,0.920000017000000,FALSE,597707.965200000442564,4173272.674200000241399
86,38:36.1,170,1105080000000.000000000000000,I- 580,I,S1100,37.700641470000001,-121.796512800000002,115,115,50,50,0.959999979000000,FALSE,606092.152900000102818,4173288.081900000572205
87,38:36.5,170,1105080000000.000000000000000,I- 580,I,S1100,37.716842380000003,-121.704577299999997,117,117,51,51,0.910000026000000,FALSE,614170.657599999569356,4175197.538300000131130
88,38:36.9,170,1105080000000.000000000000000,I- 580,I,S1100,37.734461500000002,-121.614573100000001,108,108,59,59,0.949999988000000,FALSE,622082.129700000397861,4177261.586999999359250
89,38:37.3,171,1104490000000.000000000000000,Macarthur Fwy,M,S1100,37.797247919999997,-122.213190900000001,109,109,43,43,0.949999988000000,FALSE,569268.392599999904633,4183617.712999999523163
90,38:37.7,171,1104490000000.000000000000000,Macarthur Fwy,M,S1100,37.745066540000003,-122.148879600000001,114,114,45,45,0.939999998000000,FALSE,574990.207399999722838,4177877.403899999335408
91,38:38.1,172,1104490000000.000000000000000,Arthur H Breed Fwy,M,S1100,37.702787700000002,-122.014701799999997,111,111,57,57,0.949999988000000,FALSE,586853.651700000278652,4173307.152000000700355
92,38:38.5,172,1104490000000.000000000000000,Arthur H Breed Fwy,M,S1100,37.701262450000002,-121.920823200000001,103,103,44,44,0.970000029000000,FALSE,595136.261300000362098,4173222.327999999746680
93,38:38.9,172,1104490000000.000000000000000,Arthur H Breed Fwy,M,S1100,37.700918760000000,-121.825744099999994,114,114,41,41,0.949999988000000,FALSE,603519.826299999840558,4173282.527899999171495
94,38:39.3,172,1104490000000.000000000000000,Arthur H Breed Fwy,M,S1100,37.705625879999999,-121.731559799999999,115,115,26,26,0.930000007000000,FALSE,611815.131500000134110,4173918.999900000169873
95,38:39.7,192,1104690000000.000000000000000,Redwood Hwy,M,S1200,37.995115810000001,-122.533069200000000,108,108,68,68,0.949999988000000,FALSE,540995.897900000214577,4205376.641000000759959
96,38:40.1,192,1104690000000.000000000000000,Redwood Hwy,M,S1200,37.914597460000003,-122.511977400000006,106,106,36,36,0.949999988000000,FALSE,542902.279900000430644,4196460.703700000420213
97,38:40.4,192,1104690000000.000000000000000,Redwood Hwy,M,S1200,37.835722740000001,-122.484867100000002,91,91,54,54,0.949999988000000,FALSE,545332.706399999558926,4187710.678300000727177
98,38:40.8,227,1104490000000.000000000000000,Junipero Serra Fwy,M,S1100,37.629814519999996,-122.434338900000000,115,115,26,26,0.939999998000000,FALSE,549912.258500000461936,4164902.024000000208616
99,38:41.2,227,1104490000000.000000000000000,Junipero Serra Fwy,M,S1100,37.559448209999999,-122.382522899999998,114,114,59,59,0.949999988000000,FALSE,554535.984500000253320,4157123.180299999192357
100,38:41.6,227,1104490000000.000000000000000,Junipero Serra Fwy,M,S1100,37.497873020000000,-122.315268000000003,116,116,60,60,0.930000007000000,FALSE,560531.684299999848008,4150331.869000000879169
101,38:42.0,227,1104490000000.000000000000000,Junipero Serra Fwy,M,S1100,37.442594409999998,-122.252790500000003,115,120,36,34,0.920000017000000,FALSE,566094.160400000400841,4144245.590600000694394
102,38:42.4,228,1104490000000.000000000000000,State Rte 92,S,S1200,37.556744530000003,-122.284356099999997,106,106,17,17,0.920000017000000,FALSE,563211.858799999579787,4156893.517899999395013
103,38:42.8,238,1104470000000.000000000000000,el Camino Real,M,S1200,37.659998229999999,-122.441510899999997,48,48,62,62,0.970000029000000,FALSE,549256.800900000147521,4168250.184900000691414
104,38:43.2,243,1104480000000.000000000000000,State Rte 152,S,S1200,37.027551570000000,-121.327654699999997,108,108,50,50,0.949999988000000,FALSE,648756.774699999950826,4099234.179800000041723
105,38:43.6,243,1104480000000.000000000000000,State Rte 152,S,S1200,37.056481380000001,-121.243797700000002,113,113,63,63,0.949999988000000,FALSE,656157.334699999541044,4102585.222100000828505
106,38:44.0,244,1104480000000.000000000000000,Santa Cruz Hwy,M,S1200,37.143934950000002,-121.984738300000004,79,79,14,14,0.959999979000000,FALSE,590168.735999999567866,4111321.153000000864267
107,38:44.4,247,1102410000000.000000000000000,Hecker Pass Hwy,M,S1200,36.997676370000001,-121.686739799999998,66,66,116,116,0.500000000000000,FALSE,616856.918600000441074,4095421.640100000426173
108,38:44.8,248,1104480000000.000000000000000,I- 880,I,S1100,37.398199560000002,-121.908346899999998,113,113,28,28,0.949999988000000,FALSE,596624.296600000001490,4139619.937300000339746
109,38:45.2,249,1104490000000.000000000000000,I- 880,I,S1100,37.363327499999997,-121.902218300000001,100,100,11,11,0.939999998000000,FALSE,597209.762000000104308,4135739.311799999326468
110,38:45.6,250,1104480000000.000000000000000,Bayshore Fwy,M,S1200,37.301795689999999,-121.815213299999996,113,113,12,12,0.949999988000000,FALSE,605002.745299999602139,4129020.269700000062585
111,38:46.0,253,1104490000000.000000000000000,Nimitz Fwy,M,S1100,37.424899170000003,-121.916421000000000,113,113,23,23,0.959999979000000,FALSE,595877.243099999614060,4142564.141100000590086
112,38:46.4,263,110697000000.000000000000000,Rio Dixon Rd,M,S1200,38.335230220000000,-121.823277800000000,95,95,75,75,0.500000000000000,FALSE,602839.162399999797344,4243676.938899999484420
113,38:46.8,264,110697000000.000000000000000,I- 80,I,S1100,38.224595979999997,-122.125825800000001,115,115,23,23,0.939999998000000,FALSE,576517.786399999633431,4231104.902799999341369
114,38:47.2,264,110697000000.000000000000000,I- 80,I,S1100,38.275194200000001,-122.047994000000003,115,115,21,21,0.930000007000000,FALSE,583276.976999999955297,4236793.297199999913573
115,38:47.6,264,110697000000.000000000000000,I- 80,I,S1100,38.346725350000000,-121.995857500000000,118,118,19,19,0.889999986000000,FALSE,587750.289499999955297,4244758.663899999111891
116,38:48.0,264,110697000000.000000000000000,I- 80,I,S1100,38.400359580000000,-121.918026600000005,113,113,50,50,0.899999976000000,FALSE,594475.505199999548495,4250788.615700000897050
117,38:48.4,264,110697000000.000000000000000,I- 80,I,S1100,38.458265460000000,-121.842548800000003,116,116,42,42,0.920000017000000,FALSE,600987.540599999949336,4257302.809100000187755
118,38:48.8,264,110697000000.000000000000000,I- 80,I,S1100,38.519755600000003,-121.770070300000000,119,119,34,34,0.939999998000000,FALSE,607217.557000000029802,4264218.585000000894070
119,38:49.2,265,1105050000000.000000000000000,I- 680,I,S1100,38.119803370000000,-122.106024000000005,117,117,50,50,0.939999998000000,FALSE,578360.891099999658763,4219493.264799999073148
120,38:49.6,265,1105050000000.000000000000000,I- 680,I,S1100,38.205582690000000,-122.137873499999998,112,112,41,41,0.920000017000000,FALSE,575479.582100000232458,4228988.765699999406934
121,38:50.0,270,110697000000.000000000000000,I- 780,I,S1100,38.054679239999999,-122.146655199999998,108,108,40,40,0.920000017000000,FALSE,574869.506900000385940,4212226.997800000011921
122,38:50.4,278,1104470000000.000000000000000,State Rte 128,S,S1200,38.755057149999999,-122.970893399999994,114,114,35,35,0.500000000000000,FALSE,502528.513000000268221,4289604.284199999645352
123,38:50.8,279,1104470000000.000000000000000,State Rte 116,S,S1200,38.289445839999999,-122.692576399999993,111,111,61,61,0.939999998000000,FALSE,526889.641099999658763,4237980.561599999666214
124,38:51.2,280,1104470000000.000000000000000,State Rte 121,S,S1200,38.232505840000002,-122.460122200000001,85,85,75,75,0.939999998000000,FALSE,547252.229799999855459,4231748.324300000444055
125,38:51.6,284,1104470000000.000000000000000,State Rte 1,S,S1200,38.337309529999999,-122.979301199999995,83,83,80,80,0.500000000000000,FALSE,501807.087600000202656,4243238.795399999246001
126,38:52.0,284,1104470000000.000000000000000,State Rte 1,S,S1200,38.340156669999999,-123.046495300000004,46,46,154,154,0.500000000000000,FALSE,495934.413300000131130,4243551.145500000566244
127,38:52.4,284,1104470000000.000000000000000,State Rte 1,S,S1200,38.408733310000002,-123.096509699999999,58,58,125,125,0.500000000000000,FALSE,491573.943400000222027,4251187.037200000137091
128,38:52.8,284,1104470000000.000000000000000,State Rte 1,S,S1200,38.457914660000000,-123.141214800000000,63,63,96,96,0.500000000000000,FALSE,487686.889200000092387,4256630.360200000926852
129,38:53.2,284,1104470000000.000000000000000,State Rte 1,S,S1200,38.495551679999998,-123.200673699999996,46,46,159,159,0.500000000000000,FALSE,482498.547799999825656,4260811.886099999770522
130,38:53.6,284,1104470000000.000000000000000,State Rte 1,S,S1200,38.529739139999997,-123.266623800000005,63,63,114,114,0.500000000000000,FALSE,476761.279600000008941,4264625.898800000548363
131,38:54.0,284,1104470000000.000000000000000,State Rte 1,S,S1200,38.576240599999998,-123.334278499999996,60,60,124,124,0.500000000000000,FALSE,470880.229399999603629,4269812.698200000450015
132,38:54.3,284,1104470000000.000000000000000,State Rte 1,S,S1200,38.636853979999998,-123.388480000000001,86,86,66,66,0.500000000000000,FALSE,466187.594600000418723,4276556.572799999266863
133,38:54.7,284,1104470000000.000000000000000,State Rte 1,S,S1200,38.704470749999999,-123.442856300000003,75,75,82,82,0.500000000000000,FALSE,461496.084699999541044,4284082.249800000339746
134,38:55.1,288,1104480000000.000000000000000,State Rte 12,S,S1200,38.428103700000001,-122.767869300000001,97,97,67,67,0.569999993000000,FALSE,520259.033200000412762,4253341.460899999365211
135,38:55.5,299,1104490000000.000000000000000,Nimitz Fwy,M,S1100,37.782666149999997,-122.239359199999996,102,102,65,65,0.959999979000000,FALSE,566976.300499999895692,4181980.152699999511242
136,38:55.9,299,1104490000000.000000000000000,Nimitz Fwy,M,S1100,37.716269920000002,-122.173700600000004,107,107,22,22,0.949999988000000,FALSE,572824.453200000338256,4174661.430800000205636
137,38:56.3,299,1104490000000.000000000000000,Nimitz Fwy,M,S1100,37.656396630000003,-122.101329600000000,107,107,34,34,0.949999988000000,FALSE,579268.128700000233948,4168083.795399999246001
138,38:56.7,299,1104490000000.000000000000000,Nimitz Fwy,M,S1100,37.577923530000000,-122.047886300000002,111,111,23,23,0.949999988000000,FALSE,584067.429899999871850,4159408.231899999082088
139,38:57.1,299,1104490000000.000000000000000,Nimitz Fwy,M,S1100,37.516437889999999,-121.978485800000001,107,107,54,54,0.949999988000000,FALSE,590269.315299999900162,4152660.232999999076128
140,38:57.5,324,1102640000000.000000000000000,Eastshore Fwy,M,S1100,37.995040889999999,-122.290923699999993,109,109,58,58,0.959999979000000,FALSE,562261.002700000070035,4205510.991399999707937
141,38:57.9,354,1104470000000.000000000000000,State Rte 84,S,S1200,37.312620150000001,-122.313985500000001,83,83,85,85,0.500000000000000,FALSE,560794.478199999779463,4129781.428999999538064
142,38:58.3,354,1104470000000.000000000000000,State Rte 84,S,S1200,37.346275700000000,-122.267527999999999,72,72,96,96,0.500000000000000,FALSE,564875.983199999667704,4133543.291099999099970
143,38:58.7,354,1104470000000.000000000000000,State Rte 84,S,S1200,37.398273650000000,-122.256008699999995,47,47,105,105,0.500000000000000,FALSE,565852.252199999988079,4139320.516799999400973
144,38:59.1,360,1104470000000.000000000000000,Bayfront Expy,M,S1200,37.485868549999999,-122.143393000000003,57,57,47,47,0.970000029000000,FALSE,575736.651899999938905,4149122.283099999651313
145,38:59.5,366,1104470000000.000000000000000,State Rte 82,S,S1200,37.659870280000000,-122.441645699999995,29,54,76,41,0.610000014000000,FALSE,549251.538399999961257,4168229.837899999693036
146,38:59.9,369,1104480000000.000000000000000,Pacheco Pass Hwy,M,S1200,37.033058750000002,-121.321631800000006,112,112,60,60,0.949999988000000,FALSE,649277.976999999955297,4099859.773800000548363
147,39:00.3,369,1104480000000.000000000000000,Pacheco Pass Hwy,M,S1200,37.060120499999996,-121.236129599999998,112,112,62,62,0.939999998000000,FALSE,656828.339200000278652,4102997.319900000467896
148,39:00.7,375,1104490000000.000000000000000,Bayshore Fwy,M,S1200,37.403479460000000,-122.048967200000007,108,108,29,29,0.949999988000000,FALSE,584176.679499999620020,4140060.795600000768900
149,39:01.1,375,1104490000000.000000000000000,Bayshore Fwy,M,S1200,37.379871479999998,-121.956868799999995,109,109,41,41,0.930000007000000,FALSE,592357.357200000435114,4137526.379799999296665
150,39:01.5,376,1104490000000.000000000000000,Junipero Serra Fwy,M,S1100,37.359317279999999,-122.119120199999998,113,113,27,27,0.790000021000000,FALSE,578010.122299999929965,4135097.911299999803305
151,39:01.9,376,1104490000000.000000000000000,Junipero Serra Fwy,M,S1100,37.334240000000001,-122.032704499999994,116,116,22,22,0.829999983000000,FALSE,585686.909400000236928,4132396.464099999517202
152,39:02.3,376,1104490000000.000000000000000,Junipero Serra Fwy,M,S1100,37.317149489999998,-121.941565199999999,110,110,25,25,0.920000017000000,FALSE,593780.992700000293553,4130573.452400000765920
153,39:02.6,379,1104490000000.000000000000000,State Rte 82,S,S1200,37.391891070000000,-122.095368399999998,22,22,12,12,0.949999988000000,FALSE,580072.674599999561906,4138733.714299999177456
154,39:03.0,379,1104490000000.000000000000000,State Rte 82,S,S1200,37.352137310000003,-122.010499199999998,43,43,55,55,0.800000012000000,FALSE,587634.346300000324845,4134394.123800000175834
155,39:03.4,382,1104480000000.000000000000000,I- 680,I,S1100,37.413140329999997,-121.879836900000001,118,118,34,34,0.930000007000000,FALSE,599127.788599999621511,4141288.253900000825524
156,39:03.8,393,1105090000000.000000000000000,State Rte 113,S,S1200,38.278720730000003,-121.805306400000006,93,93,66,66,0.500000000000000,FALSE,604494.086900000460446,4237412.096799999475479
157,39:04.2,393,1105090000000.000000000000000,State Rte 113,S,S1200,38.355651209999998,-121.823091199999993,90,90,32,32,0.500000000000000,FALSE,602826.335400000214577,4245939.228000000119209
158,39:04.6,393,1105090000000.000000000000000,State Rte 113,S,S1200,38.450781599999999,-121.822450399999994,50,50,70,70,0.949999988000000,FALSE,602755.417200000025332,4256505.572200000286102
159,39:05.0,395,110697000000.000000000000000,Rio Vista Rd,M,S1200,38.228479139999997,-121.960600200000002,102,102,43,43,0.879999995000000,FALSE,590980.515999999828637,4231681.079299999400973
160,39:05.4,399,110697000000.000000000000000,I- 505,I,S1100,38.467950459999997,-121.943434699999997,122,122,49,49,0.879999995000000,FALSE,592172.173700000159442,4258280.657899999991059
161,39:05.8,400,110697000000.000000000000000,I- 80,I,S1100,38.066329879999998,-122.226668700000005,106,106,35,35,0.949999988000000,FALSE,567833.206199999898672,4213452.234600000083447
162,39:06.4,406,1102640000000.000000000000000,Sears Point Rd,M,S1200,38.150492139999997,-122.384118400000006,95,95,74,74,0.930000007000000,FALSE,553963.256599999964237,4222694.650000000372529
163,39:06.8,409,1104480000000.000000000000000,State Rte 128,S,S1200,38.767419390000001,-122.994326999999998,115,115,57,57,0.500000000000000,FALSE,500491.956600000150502,4290978.787799999117851
164,39:07.2,415,1104480000000.000000000000000,Sonoma Hwy,M,S1200,38.374920779999997,-122.513488100000004,88,88,77,77,0.939999998000000,FALSE,542494.984799999743700,4247522.391300000250340
165,39:07.6,415,1104480000000.000000000000000,Sonoma Hwy,M,S1200,38.436353420000003,-122.580338900000001,87,87,36,36,0.500000000000000,FALSE,536626.133500000461936,4254306.855000000447035
166,39:08.0,432,1102850000000.000000000000000,I- 680,I,S1100,37.536756380000000,-121.930529500000006,101,101,37,37,0.949999988000000,FALSE,594488.865699999965727,4154948.857000000774860
167,39:08.4,432,1102850000000.000000000000000,I- 680,I,S1100,37.600007320000003,-121.872786599999998,113,113,53,53,0.910000026000000,FALSE,599500.390800000168383,4162044.304099999368191
168,39:08.8,432,1102850000000.000000000000000,I- 680,I,S1100,37.681016450000001,-121.914730300000002,113,113,46,46,0.939999998000000,FALSE,595705.669700000435114,4170987.097100000828505
169,39:09.2,434,1104470000000.000000000000000,Macarthur Fwy,M,S1100,37.766933170000001,-122.152612399999995,110,110,64,64,0.949999988000000,FALSE,574634.915699999779463,4180291.940999999642372
170,39:09.6,434,1104470000000.000000000000000,Macarthur Fwy,M,S1100,37.806092390000003,-122.236388300000002,113,113,42,42,0.949999988000000,FALSE,567218.472000000067055,4184575.933700000867248
171,39:10.0,455,1104690000000.000000000000000,US Hwy 101,U,S1200,37.902700920000001,-122.515586299999995,47,47,13,13,0.500000000000000,FALSE,542592.642400000244379,4195131.754000000655651
172,39:10.4,455,1104690000000.000000000000000,US Hwy 101,U,S1200,37.985741740000002,-122.524354099999996,103,103,71,71,0.860000014000000,FALSE,541772.941599999554455,4204337.657199999317527
173,39:10.8,455,1104690000000.000000000000000,US Hwy 101,U,S1200,38.069703320000002,-122.538733899999997,111,111,59,59,0.949999988000000,FALSE,540461.808199999853969,4213649.650499999523163
174,39:11.2,455,1104690000000.000000000000000,US Hwy 101,U,S1200,38.154502340000001,-122.567803499999997,109,109,59,59,0.949999988000000,FALSE,537864.305499999783933,4223043.893999999389052
175,39:11.6,467,1104990000000.000000000000000,State Hwy 29,S,S1200,38.343591619999998,-122.326347400000003,75,75,89,89,0.949999988000000,FALSE,558871.625599999912083,4244164.422599999234080
176,39:12.0,467,1104990000000.000000000000000,State Hwy 29,S,S1200,38.386730729999996,-122.350070700000003,101,101,46,46,0.899999976000000,FALSE,556757.866499999538064,4248924.129599999636412
177,39:12.4,467,1104990000000.000000000000000,State Hwy 29,S,S1200,38.304838130000000,-122.304249900000002,101,101,13,13,0.939999998000000,FALSE,560834.865600000135601,4239871.448000000789762
178,39:12.8,474,1105040000000.000000000000000,State Hwy 1,S,S1200,37.719021099999999,-122.474485799999997,39,39,49,49,0.959999979000000,FALSE,546313.031100000254810,4174781.609999999403954
179,39:13.2,474,1105040000000.000000000000000,State Hwy 1,S,S1200,37.800457549999997,-122.469397700000002,79,79,39,39,0.959999979000000,FALSE,546708.312900000251830,4183810.902599999681115
180,39:13.6,503,1104480000000.000000000000000,Junipero Serra Fwy,M,S1100,37.502773500000004,-122.331341600000002,117,117,56,56,0.899999976000000,FALSE,559103.611800000071526,4150849.806299999356270
181,39:14.0,503,1104480000000.000000000000000,Junipero Serra Fwy,M,S1100,37.569885780000000,-122.395936500000005,116,116,52,52,0.939999998000000,FALSE,553353.411500000394881,4158266.710300000384450
182,39:14.5,503,1104480000000.000000000000000,Junipero Serra Fwy,M,S1100,37.642935620000003,-122.445276500000006,107,107,46,46,0.949999988000000,FALSE,548945.090900000184774,4166338.660099999979138
183,39:14.9,504,1104480000000.000000000000000,US Hwy 101,U,S1200,37.622336689999997,-122.400241899999997,105,105,42,42,0.939999998000000,FALSE,552928.184200000017881,4164081.035700000822544
184,39:15.4,504,1104480000000.000000000000000,US Hwy 101,U,S1200,37.578136440000002,-122.321771499999997,107,107,56,56,0.949999988000000,FALSE,559884.831699999980628,4159225.491800000891089
185,39:15.8,504,1104480000000.000000000000000,US Hwy 101,U,S1200,37.511885399999997,-122.253652000000002,110,110,40,40,0.949999988000000,FALSE,565963.103000000119209,4151923.945599999278784
186,39:16.2,504,1104480000000.000000000000000,US Hwy 101,U,S1200,37.476297379999998,-122.167707399999998,110,110,49,49,0.949999988000000,FALSE,573587.621600000187755,4148039.785299999639392
187,39:16.6,505,1104490000000.000000000000000,Bayshore Fwy,M,S1200,37.559861660000003,-122.302314600000003,107,107,42,42,0.949999988000000,FALSE,561619.076200000010431,4157213.369300000369549
188,39:17.0,505,1104490000000.000000000000000,Bayshore Fwy,M,S1200,37.496075949999998,-122.232563900000002,107,107,37,37,0.949999988000000,FALSE,567843.789699999615550,4150185.125600000843406
189,39:17.4,505,1104490000000.000000000000000,Bayshore Fwy,M,S1200,37.462632890000002,-122.144831300000007,108,108,26,26,0.930000007000000,FALSE,575630.515899999998510,4146547.908900000154972
190,39:17.8,506,1104480000000.000000000000000,el Camino Real,M,S1200,37.499119530000002,-122.250515300000004,47,47,69,69,0.959999979000000,FALSE,566249.531799999997020,4150504.105000000447035
191,39:18.1,507,1104260000000.000000000000000,J Arthur Younger Fwy,M,S1200,37.524191999999999,-122.332338300000004,104,104,29,29,0.500000000000000,FALSE,559000.282700000330806,4153246.317800000309944
192,39:18.6,517,1104490000000.000000000000000,Sinclair Fwy,M,S1100,37.339883430000000,-121.851753799999997,83,83,15,15,0.959999979000000,FALSE,601716.641699999570847,4133199.032600000500679
193,39:19.0,517,1104490000000.000000000000000,Sinclair Fwy,M,S1100,37.413481050000001,-121.880291400000004,115,115,35,35,0.910000026000000,FALSE,599084.014399999752641,4141335.142200000584126
194,39:19.4,519,1104490000000.000000000000000,Bayshore Fwy,M,S1200,37.403658139999997,-122.048854199999994,108,108,29,29,0.959999979000000,FALSE,584181.876699999906123,4140081.164699999615550
195,39:19.8,519,1104490000000.000000000000000,Bayshore Fwy,M,S1200,37.380054029999997,-121.956752100000003,109,109,36,36,0.949999988000000,FALSE,592362.461500000208616,4137553.525800000876188
196,39:20.2,520,1104490000000.000000000000000,State Rte 87,S,S1200,37.300621950000000,-121.876173600000001,108,108,23,23,0.889999986000000,FALSE,599605.675400000065565,4128825.687400000169873
197,39:20.6,523,1104490000000.000000000000000,Nimitz Fwy,M,S1100,37.363327499999997,-121.902218300000001,100,100,11,11,0.939999998000000,FALSE,597209.762000000104308,4135739.311799999326468
198,39:20.9,540,1102220000000.000000000000000,I- 80,I,S1100,38.472249009999999,-121.824960700000005,117,117,60,60,0.930000007000000,FALSE,602506.807199999690056,4258873.277100000530481
199,39:21.4,540,1102220000000.000000000000000,I- 80,I,S1100,38.414187259999999,-121.900319199999998,116,116,53,53,0.949999988000000,FALSE,596002.618800000287592,4252357.852499999105930
200,39:21.8,540,1102220000000.000000000000000,I- 80,I,S1100,38.356832330000003,-121.976107999999996,113,113,39,39,0.939999998000000,FALSE,589465.830099999904633,4245908.672199999913573
201,39:22.2,540,1102220000000.000000000000000,I- 80,I,S1100,38.292963989999997,-122.034295099999994,115,115,39,39,0.949999988000000,FALSE,584446.948099999688566,4238776.447499999776483
202,39:22.6,540,1102220000000.000000000000000,I- 80,I,S1100,38.234278779999997,-122.105594199999999,112,112,45,45,0.949999988000000,FALSE,578275.811599999666214,4232191.836899999529123
203,39:23.0,540,1102220000000.000000000000000,I- 80,I,S1100,38.182587230000003,-122.184292099999993,117,117,47,47,0.949999988000000,FALSE,571446.073300000280142,4226398.849300000816584
204,39:23.4,541,110697000000.000000000000000,State Rte 12,S,S1200,38.243382599999997,-122.006107200000002,78,78,38,38,0.949999988000000,FALSE,586971.965499999932945,4233303.288799999281764
205,39:23.8,542,110697000000.000000000000000,State Rte 12,S,S1200,38.243170499999998,-122.002757799999998,79,79,42,42,0.959999979000000,FALSE,587271.361600000411272,4233279.416300000622869
206,39:24.2,546,110697000000.000000000000000,I- 505,I,S1100,38.431837610000002,-121.942339599999997,121,121,52,52,0.910000026000000,FALSE,592314.125699999742210,4254265.509700000286102
207,39:24.6,551,1104470000000.000000000000000,State Rte 116,S,S1200,38.263109790000001,-122.658054100000001,107,107,53,53,0.949999988000000,FALSE,529910.868499999865890,4235065.488199999555945
208,39:25.0,571,1104470000000.000000000000000,State Rte 13,S,S1200,37.849685999999998,-122.230496599999995,68,68,15,15,0.939999998000000,FALSE,567705.185899999924004,4189415.412200000137091
209,39:25.4,572,1104490000000.000000000000000,State Rte 84,S,S1200,37.595673840000003,-121.904262500000002,78,78,82,82,0.500000000000000,FALSE,596736.672500000335276,4161523.947799999266863
210,39:25.8,573,1104490000000.000000000000000,I- 880,I,S1100,37.522165119999997,-121.987248500000007,111,111,16,16,0.939999998000000,FALSE,589496.449599999934435,4153295.263000000268221
211,39:26.2,573,1104490000000.000000000000000,I- 880,I,S1100,37.587036779999998,-122.052748800000003,110,110,53,53,0.959999979000000,FALSE,583642.126600000075996,4160426.568700000643730
212,39:26.6,573,1104490000000.000000000000000,I- 880,I,S1100,37.665128189999997,-122.107023100000006,101,101,24,24,0.959999979000000,FALSE,578758.342799999751151,4169033.835799999535084
213,39:27.0,573,1104490000000.000000000000000,I- 880,I,S1100,37.723486919999999,-122.181321800000006,107,107,41,41,0.949999988000000,FALSE,572155.794999999925494,4175454.695399999618530
214,39:27.4,573,1104490000000.000000000000000,I- 880,I,S1100,37.787562590000000,-122.248659900000007,104,104,67,67,0.949999988000000,FALSE,566160.489199999719858,4182501.798000000417233
215,39:27.8,574,1104490000000.000000000000000,Nimitz Fwy,M,S1100,37.785746770000003,-122.244592999999995,104,104,67,67,0.949999988000000,FALSE,566521.987800000235438,4182328.630599999800324
216,39:28.2,574,1104490000000.000000000000000,Nimitz Fwy,M,S1100,37.720342070000001,-122.178161000000003,109,109,8,8,0.949999988000000,FALSE,572433.270100000314415,4175098.191500000655651
217,39:28.6,574,1104490000000.000000000000000,Nimitz Fwy,M,S1100,37.661340240000001,-122.104669799999996,101,101,12,12,0.959999979000000,FALSE,578966.912299999967217,4168615.935000000521541
218,39:29.0,574,1104490000000.000000000000000,Nimitz Fwy,M,S1100,37.583339619999997,-122.050261699999993,110,110,53,53,0.959999979000000,FALSE,583867.314100000075996,4160008.952299999073148
219,39:29.4,574,1104490000000.000000000000000,Nimitz Fwy,M,S1100,37.520023940000002,-121.983342699999994,110,110,50,50,0.939999998000000,FALSE,589844.269899999722838,4153055.205600000917912
220,39:29.8,578,1104490000000.000000000000000,Mission Blvd,M,S1200,37.622296990000002,-122.038319000000001,51,51,63,63,0.959999979000000,FALSE,584873.861700000241399,4164346.804500000551343
221,39:30.2,578,1104490000000.000000000000000,Mission Blvd,M,S1200,37.567675629999997,-121.963379900000007,56,56,63,63,0.500000000000000,FALSE,591544.371000000275671,4158356.354499999433756
222,39:30.6,604,1104480000000.000000000000000,State Rte 24,S,S1200,37.891221770000001,-122.133549500000001,113,113,49,49,0.959999979000000,FALSE,576189.517199999652803,4194108.639799999073148
223,39:31.0,606,1104490000000.000000000000000,Eastshore Fwy,M,S1100,37.991926339999999,-122.307715000000002,109,109,51,51,0.930000007000000,FALSE,560789.898699999786913,4205140.974600000306964
224,39:31.4,608,1104470000000.000000000000000,US Hwy 101,U,S1200,38.106982019999997,-122.563134099999999,112,112,21,21,0.959999979000000,FALSE,538300.805999999865890,4217790.614399999380112
225,39:31.8,608,1104470000000.000000000000000,US Hwy 101,U,S1200,38.025399710000002,-122.538331400000004,110,110,63,63,0.949999988000000,FALSE,540528.992999999783933,4208746.872700000181794
226,39:32.2,608,1104470000000.000000000000000,US Hwy 101,U,S1200,37.946668320000001,-122.513902599999994,106,106,29,29,0.939999998000000,FALSE,542706.694500000216067,4200015.056800000369549
227,39:32.6,609,110454000000.000000000000000,Shoreline Hwy,M,S1200,38.169655020000000,-122.896846999999994,60,60,123,123,0.500000000000000,FALSE,509039.515800000168383,4224646.968699999153614
228,39:33.0,609,110454000000.000000000000000,Shoreline Hwy,M,S1200,38.239037840000002,-122.906129399999998,61,61,102,102,0.500000000000000,FALSE,508213.721499999985099,4232346.109200000762939
229,39:33.4,614,110764000000.000000000000000,State Hwy 128,S,S1200,38.503161230000003,-122.289337399999994,61,61,115,115,0.500000000000000,FALSE,561967.324099999852479,4261898.965500000864267
230,39:33.8,614,110764000000.000000000000000,State Hwy 128,S,S1200,38.483252250000000,-122.357347000000004,59,59,89,89,0.519999981000000,FALSE,556054.150700000114739,4259633.943600000813603
231,39:34.2,614,110764000000.000000000000000,State Hwy 128,S,S1200,38.460668320000003,-122.419460900000004,62,62,89,89,0.500000000000000,FALSE,550661.340400000102818,4257092.146600000560284
232,39:34.6,615,110764000000.000000000000000,Sage Canyon Rd,M,S1200,38.489658339999998,-122.321455099999994,63,63,105,105,0.500000000000000,FALSE,559179.095999999903142,4260367.532400000840425
233,39:35.0,615,110764000000.000000000000000,Sage Canyon Rd,M,S1200,38.497092770000002,-122.253752100000000,73,73,73,73,0.500000000000000,FALSE,565075.646700000390410,4261232.712200000882149
234,39:35.4,616,110764000000.000000000000000,State Hwy 128,S,S1200,38.455651430000003,-122.152796400000000,78,78,69,69,0.500000000000000,FALSE,573926.585799999535084,4256717.079299999400973
235,39:35.8,619,1103690000000.000000000000000,State Hwy 121,S,S1200,38.363267559999997,-122.201974199999995,51,51,165,165,0.500000000000000,FALSE,569722.957100000232458,4246425.025800000876188
236,39:36.2,619,1103690000000.000000000000000,State Hwy 121,S,S1200,38.442223360000000,-122.201488400000002,59,59,93,93,0.500000000000000,FALSE,569684.349000000394881,4255195.859999999403954
237,39:36.6,640,1104260000000.000000000000000,State Rte 35,S,S1100,37.530253379999998,-122.360652599999995,118,118,30,30,0.920000017000000,FALSE,556493.305399999953806,4153892.541500000283122
238,39:37.0,642,1104480000000.000000000000000,Cabrillo Hwy,M,S1200,37.525120170000001,-122.511080800000002,81,81,40,40,0.949999988000000,FALSE,543197.671799999661744,4153237.195199999958277
239,39:37.4,649,1104480000000.000000000000000,State Rte 84,S,S1200,37.484436690000003,-122.183760199999995,107,107,13,13,0.939999998000000,FALSE,572160.409599999897182,4148934.750199999660254
240,39:37.8,652,1104480000000.000000000000000,I- 280,I,S1100,37.705128610000003,-122.471022599999998,104,104,33,33,0.959999979000000,FALSE,546628.439199999906123,4173225.840800000354648
241,39:38.2,660,1104490000000.000000000000000,US Hwy 101,U,S1200,37.403658139999997,-122.048854199999994,108,108,29,29,0.949999988000000,FALSE,584181.876699999906123,4140081.164699999615550
242,39:38.6,660,1104490000000.000000000000000,US Hwy 101,U,S1200,37.380054029999997,-121.956752100000003,109,109,36,36,0.949999988000000,FALSE,592362.461500000208616,4137553.525800000876188
243,39:39.0,660,1104490000000.000000000000000,US Hwy 101,U,S1200,37.354772060000002,-121.866664400000005,113,113,29,29,0.939999998000000,FALSE,600377.417100000195205,4134848.906300000846386
244,39:39.4,660,1104490000000.000000000000000,US Hwy 101,U,S1200,37.282554130000001,-121.808689000000001,114,114,55,55,0.939999998000000,FALSE,605603.275899999774992,4126874.121099999174476
245,39:39.8,660,1104490000000.000000000000000,US Hwy 101,U,S1200,37.223852270000002,-121.738703200000003,119,119,49,49,0.939999998000000,FALSE,611896.157399999909103,4120453.895800000056624
246,39:40.2,660,1104490000000.000000000000000,US Hwy 101,U,S1200,37.164643970000000,-121.664999399999999,118,118,60,60,0.930000007000000,FALSE,618530.112700000405312,4113975.163399999961257
247,39:40.6,660,1104490000000.000000000000000,US Hwy 101,U,S1200,37.094433410000001,-121.602262100000004,107,107,60,60,0.949999988000000,FALSE,624226.753800000064075,4106268.341499999165535
248,39:40.9,660,1104490000000.000000000000000,US Hwy 101,U,S1200,37.009571399999999,-121.559459000000004,112,112,44,44,0.949999988000000,FALSE,628166.357499999925494,4096919.494899999350309
249,39:41.4,660,1104490000000.000000000000000,US Hwy 101,U,S1200,36.918668300000000,-121.547617900000006,110,110,70,70,0.959999979000000,FALSE,629368.362300000153482,4086839.274599999189377
250,39:41.8,661,1104490000000.000000000000000,US Hwy 101,U,S1200,37.094794080000000,-121.602895799999999,117,117,51,51,0.939999998000000,FALSE,624155.539599999785423,4106314.704399999231100
251,39:42.2,661,1104490000000.000000000000000,US Hwy 101,U,S1200,37.164967529999998,-121.665699599999996,117,117,42,42,0.939999998000000,FALSE,618464.413700000382960,4114021.648700000718236
252,39:42.6,661,1104490000000.000000000000000,US Hwy 101,U,S1200,37.224092519999999,-121.739503700000000,117,117,48,48,0.949999988000000,FALSE,611825.401100000366569,4120480.044700000435114
253,39:43.0,661,1104490000000.000000000000000,US Hwy 101,U,S1200,37.283028680000001,-121.809159899999997,113,113,62,62,0.949999988000000,FALSE,605569.958200000226498,4126941.427699999883771
254,39:43.4,661,1104490000000.000000000000000,US Hwy 101,U,S1200,37.355059120000000,-121.867358100000004,110,110,7,7,0.930000007000000,FALSE,600312.306099999696016,4134868.442600000649691
255,39:43.8,661,1104490000000.000000000000000,US Hwy 101,U,S1200,37.380065309999999,-121.957536599999997,109,109,41,41,0.930000007000000,FALSE,592292.212700000032783,4137552.749399999156594
256,39:44.2,661,1104490000000.000000000000000,US Hwy 101,U,S1200,37.403622130000002,-122.049647800000002,108,108,29,29,0.949999988000000,FALSE,584111.650399999693036,4140080.456700000911951
257,39:44.6,665,1104480000000.000000000000000,Sinclair Fwy,M,S1100,37.339663190000003,-121.851706100000001,109,109,10,10,0.899999976000000,FALSE,601716.888600000180304,4133178.717900000512600
258,39:44.9,665,1104480000000.000000000000000,Sinclair Fwy,M,S1100,37.413205699999999,-121.879856200000006,118,118,34,34,0.829999983000000,FALSE,599122.065399999730289,4141315.276300000026822
259,39:45.3,667,1104490000000.000000000000000,State Rte 87,S,S1200,37.339030729999998,-121.898621100000000,106,106,15,15,0.959999979000000,FALSE,597559.933199999853969,4133061.486700000241399
260,39:45.7,668,1104490000000.000000000000000,Junipero Serra Fwy,M,S1100,37.334462469999998,-122.031306000000001,115,115,23,23,0.879999995000000,FALSE,585811.062199999578297,4132418.052799999713898
261,39:46.2,668,1104490000000.000000000000000,Junipero Serra Fwy,M,S1100,37.358549330000002,-122.118267399999993,115,115,31,31,0.920000017000000,FALSE,578081.211699999868870,4135010.538399999961257
262,39:46.6,668,1104490000000.000000000000000,Junipero Serra Fwy,M,S1100,37.408715719999996,-122.193049099999996,118,118,25,25,0.870000005000000,FALSE,571417.618599999696016,4140517.501000000163913
263,39:47.0,669,1104480000000.000000000000000,State Rte 82,S,S1200,37.391979470000003,-122.095212599999996,47,47,58,58,0.959999979000000,FALSE,580088.688299999572337,4138754.184299999848008
264,39:47.4,669,1104480000000.000000000000000,State Rte 82,S,S1200,37.352270760000003,-122.010317099999995,36,36,80,80,0.949999988000000,FALSE,587650.350599999539554,4134414.608300000429153
265,39:47.8,671,1104490000000.000000000000000,State Rte 82,S,S1200,37.257157929999998,-121.805138700000001,55,55,25,25,0.959999979000000,FALSE,605958.094999999739230,4124061.190199999138713
266,39:48.2,691,1102220000000.000000000000000,State Rte 37,S,S1200,38.122659820000003,-122.314507699999993,93,93,76,76,0.939999998000000,FALSE,560082.606300000101328,4219649.274399999529123
267,39:48.6,692,1104480000000.000000000000000,US Hwy 101,U,S1200,38.257415719999997,-122.647555999999994,108,108,53,53,0.920000017000000,FALSE,530831.643099999986589,4234445.881999999284744
268,39:49.0,692,1104480000000.000000000000000,US Hwy 101,U,S1200,38.319697869999999,-122.713903999999999,114,114,30,30,0.949999988000000,FALSE,525005.766400000080466,4241326.861600000411272
269,39:49.4,692,1104480000000.000000000000000,US Hwy 101,U,S1200,38.413566969999998,-122.715913900000004,93,109,22,19,0.959999979000000,FALSE,524802.933100000023842,4251755.863700000569224
270,39:49.8,692,1104480000000.000000000000000,US Hwy 101,U,S1200,38.494038289999999,-122.753141700000000,113,113,13,13,0.930000007000000,FALSE,521528.650799999944866,4260665.910800000652671
271,39:50.2,692,1104480000000.000000000000000,US Hwy 101,U,S1200,38.559961649999998,-122.821117900000004,113,113,44,44,0.889999986000000,FALSE,515585.097799999639392,4267953.055600000545382
272,39:50.6,692,1104480000000.000000000000000,US Hwy 101,U,S1200,38.629079650000001,-122.877902599999999,111,111,26,26,0.870000005000000,FALSE,510624.082799999974668,4275625.157999999821186
273,39:51.0,692,1104480000000.000000000000000,US Hwy 101,U,S1200,38.706197220000000,-122.907583099999997,115,115,60,60,0.500000000000000,FALSE,508033.513600000180304,4284189.673800000920892
274,39:51.4,692,1104480000000.000000000000000,US Hwy 101,U,S1200,38.761173300000003,-122.982125199999999,115,115,62,62,0.500000000000000,FALSE,501552.570199999958277,4290288.092199999839067
275,39:51.8,692,1104480000000.000000000000000,US Hwy 101,U,S1200,38.838474259999998,-123.020694399999996,106,106,47,47,0.879999995000000,FALSE,498203.105600000359118,4298855.868200000375509
276,39:52.2,693,1104470000000.000000000000000,US Hwy 101,U,S1200,38.257319379999998,-122.647767299999998,107,107,53,53,0.949999988000000,FALSE,530821.040599999949336,4234425.524399999529123
277,39:52.6,693,1104470000000.000000000000000,US Hwy 101,U,S1200,38.319623620000002,-122.714169900000002,111,111,34,34,0.949999988000000,FALSE,524989.760200000368059,4241326.812100000679493
278,39:53.0,693,1104470000000.000000000000000,US Hwy 101,U,S1200,38.413501830000001,-122.716135899999998,110,110,11,11,0.939999998000000,FALSE,524781.681699999608099,4251735.480699999257922
279,39:53.4,693,1104470000000.000000000000000,US Hwy 101,U,S1200,38.493990050000001,-122.753360799999996,111,111,55,55,0.930000007000000,FALSE,521512.683100000023842,4260665.867900000885129
280,39:53.8,693,1104470000000.000000000000000,US Hwy 101,U,S1200,38.559885250000001,-122.821342500000000,106,111,29,27,0.879999995000000,FALSE,515569.144600000232458,4267953.024599999189377
281,39:54.2,693,1104470000000.000000000000000,US Hwy 101,U,S1200,38.629086549999997,-122.878066500000003,115,115,21,21,0.500000000000000,FALSE,510618.770200000144541,4275625.150900000706315
282,39:54.6,693,1104470000000.000000000000000,US Hwy 101,U,S1200,38.705933420000001,-122.908036499999994,115,115,60,60,0.500000000000000,FALSE,507996.412700000219047,4284142.226900000125170
283,39:55.0,693,1104470000000.000000000000000,US Hwy 101,U,S1200,38.761057100000002,-122.982415599999996,115,115,60,60,0.500000000000000,FALSE,501526.059899999760091,4290267.768500000238419
284,39:55.4,693,1104470000000.000000000000000,US Hwy 101,U,S1200,38.838418240000003,-123.020834100000002,110,110,60,60,0.500000000000000,FALSE,498192.511300000362098,4298855.870699999853969
285,39:55.8,694,1104470000000.000000000000000,State Rte 128,S,S1200,38.687085209999999,-122.839579099999995,67,67,78,78,0.500000000000000,FALSE,513949.161299999803305,4282064.400399999693036
286,39:56.2,694,1104470000000.000000000000000,State Rte 128,S,S1200,38.639642520000002,-122.771691399999995,60,60,113,113,0.500000000000000,FALSE,519875.750599999912083,4276821.281199999153614
287,39:56.5,694,1104470000000.000000000000000,State Rte 128,S,S1200,38.639484799999998,-122.690582000000006,90,90,75,75,0.500000000000000,FALSE,526935.271999999880791,4276821.654600000008941
288,39:56.9,700,1104480000000.000000000000000,State Rte 12,S,S1200,38.375536199999999,-122.513253300000002,88,88,77,77,0.939999998000000,FALSE,542521.284400000236928,4247590.256599999964237
289,39:57.3,700,1104480000000.000000000000000,State Rte 12,S,S1200,38.436601590000002,-122.580950700000002,87,87,36,36,0.500000000000000,FALSE,536583.303100000135601,4254354.068800000473857
290,39:57.7,712,1104470000000.000000000000000,Mission Blvd,M,S1200,37.622458330000001,-122.038697499999998,39,39,64,64,0.500000000000000,FALSE,584830.563299999572337,4164366.678400000557303
291,39:58.2,713,110167000000.000000000000000,Niles Blvd,M,S1200,37.594549630000003,-121.899157799999998,71,71,98,98,0.500000000000000,FALSE,597185.486299999989569,4161393.742200000211596
292,39:58.5,718,1104470000000.000000000000000,Sinclair Fwy,M,S1100,37.644969850000003,-121.889411699999997,108,108,51,51,0.939999998000000,FALSE,597975.803000000305474,4167017.708300000056624
293,39:58.9,718,1104470000000.000000000000000,Sinclair Fwy,M,S1100,37.568757730000002,-121.895184000000000,111,111,64,64,0.839999974000000,FALSE,597563.713200000114739,4158560.399000000208616
294,39:59.3,718,1104470000000.000000000000000,Sinclair Fwy,M,S1100,37.504816990000002,-121.933766399999996,106,106,43,43,0.949999988000000,FALSE,594237.661500000394881,4151417.477800000458956
295,39:59.7,719,1104260000000.000000000000000,Sinclair Fwy,M,S1100,37.645066749999998,-121.889220499999993,114,114,47,47,0.879999995000000,FALSE,597991.957100000232458,4167017.899599999189377
296,40:00.2,719,1104260000000.000000000000000,Sinclair Fwy,M,S1100,37.568747629999997,-121.894779099999994,112,112,55,55,0.939999998000000,FALSE,597601.683600000105798,4158540.527300000190735
297,40:00.6,719,1104260000000.000000000000000,Sinclair Fwy,M,S1100,37.504261569999997,-121.932851499999998,113,113,46,46,0.930000007000000,FALSE,594324.746299999766052,4151350.739199999719858
298,40:01.0,733,1105050000000.000000000000000,I- 680,I,S1100,37.971248140000000,-122.060463200000001,112,112,17,17,0.939999998000000,FALSE,582518.698499999940395,4203049.028799999505281
299,40:01.4,733,1105050000000.000000000000000,I- 680,I,S1100,37.889877460000001,-122.058963100000000,114,114,21,21,0.939999998000000,FALSE,582749.306200000457466,4194016.423800000920892
300,40:01.8,733,1105050000000.000000000000000,I- 680,I,S1100,37.823742140000000,-121.994143500000007,116,116,18,18,0.939999998000000,FALSE,588528.075299999676645,4186734.977800000458956
301,40:02.2,733,1105050000000.000000000000000,I- 680,I,S1100,37.739701439999997,-121.952510300000000,117,117,54,54,0.939999998000000,FALSE,592290.688599999994040,4177450.121099999174476
302,40:02.6,735,1104490000000.000000000000000,John T Knox Fwy,M,S1100,37.908471450000000,-122.321038599999994,110,110,43,43,0.930000007000000,FALSE,559688.969899999909103,4195881.764399999752641
303,40:03.0,743,1104690000000.000000000000000,Redwood Hwy,M,S1200,37.902700920000001,-122.515586299999995,47,47,13,13,0.500000000000000,FALSE,542592.642400000244379,4195131.754000000655651
304,40:03.4,743,1104690000000.000000000000000,Redwood Hwy,M,S1200,37.985741740000002,-122.524354099999996,103,103,71,71,0.860000014000000,FALSE,541772.941599999554455,4204337.657199999317527
305,40:03.8,743,1104690000000.000000000000000,Redwood Hwy,M,S1200,38.069703320000002,-122.538733899999997,111,111,59,59,0.949999988000000,FALSE,540461.808199999853969,4213649.650499999523163
306,40:04.2,743,1104690000000.000000000000000,Redwood Hwy,M,S1200,38.154502340000001,-122.567803499999997,109,109,59,59,0.949999988000000,FALSE,537864.305499999783933,4223043.893999999389052
307,40:04.6,752,110764000000.000000000000000,Saint Helena Hwy,M,S1200,38.382334180000001,-122.347295700000004,99,99,20,20,0.879999995000000,FALSE,557006.520800000056624,4248438.238800000399351
308,40:05.0,753,1103690000000.000000000000000,Monticello Rd,M,S1200,38.363267559999997,-122.201974199999995,51,51,165,165,0.500000000000000,FALSE,569722.957100000232458,4246425.025800000876188
309,40:05.4,753,1103690000000.000000000000000,Monticello Rd,M,S1200,38.442223360000000,-122.201488400000002,59,59,93,93,0.500000000000000,FALSE,569684.349000000394881,4255195.859999999403954
310,40:05.8,768,1104480000000.000000000000000,State Rte 1,S,S1200,37.525120170000001,-122.511080800000002,81,81,40,40,0.949999988000000,FALSE,543197.671799999661744,4153237.195199999958277
311,40:06.2,770,1104310000000.000000000000000,Cabrillo Hwy,M,S1200,37.167729010000002,-122.361540500000004,99,99,71,71,0.500000000000000,FALSE,556684.343399999663234,4113670.227600000798702
312,40:06.6,770,1104310000000.000000000000000,Cabrillo Hwy,M,S1200,37.236354159999998,-122.415362599999995,96,96,72,72,0.500000000000000,FALSE,551863.417000000365078,4121250.218699999153614
313,40:07.0,770,1104310000000.000000000000000,Cabrillo Hwy,M,S1200,37.327117899999998,-122.398080100000001,86,86,57,57,0.500000000000000,FALSE,553331.466099999845028,4131328.671599999070168
314,40:07.4,770,1104310000000.000000000000000,Cabrillo Hwy,M,S1200,37.405402840000001,-122.420534700000005,96,96,69,69,0.500000000000000,FALSE,551293.531399999745190,4140017.436100000515580
315,40:07.8,775,1104350000000.000000000000000,State Rte 82,S,S1200,37.491402880000003,-122.241299200000000,44,44,57,57,0.670000017000000,FALSE,567076.354600000195205,4149671.003699999302626
316,40:08.2,783,1104260000000.000000000000000,State Rte 35,S,S1100,37.595717510000000,-122.418764199999998,120,120,30,30,0.930000007000000,FALSE,551314.457200000062585,4161118.341800000518560
317,40:08.6,785,1104470000000.000000000000000,State Rte 1,S,S1200,37.671442190000000,-122.476030399999999,100,100,14,14,0.949999988000000,FALSE,546208.089300000108778,4169498.931399999186397
318,40:09.0,786,1104480000000.000000000000000,Cabrillo Hwy,M,S1200,37.609078750000002,-122.494849799999997,71,71,52,52,0.959999979000000,FALSE,544587.516099999658763,4162569.224899999797344
319,40:09.4,792,1104490000000.000000000000000,I- 280,I,S1100,37.359317279999999,-122.119120199999998,113,113,27,27,0.790000021000000,FALSE,578010.122299999929965,4135097.911299999803305
320,40:09.8,792,1104490000000.000000000000000,I- 280,I,S1100,37.334240000000001,-122.032704499999994,116,116,22,22,0.829999983000000,FALSE,585686.909400000236928,4132396.464099999517202
321,40:10.2,792,1104490000000.000000000000000,I- 280,I,S1100,37.317149489999998,-121.941565199999999,110,110,25,25,0.920000017000000,FALSE,593780.992700000293553,4130573.452400000765920
322,40:10.6,792,1104490000000.000000000000000,I- 280,I,S1100,37.338886909999999,-121.852865300000005,109,109,10,10,0.899999976000000,FALSE,601620.637199999764562,4133089.504699999466538
323,40:11.0,804,110697000000.000000000000000,I- 780,I,S1100,38.089165370000003,-122.222256799999997,104,104,68,68,0.930000007000000,FALSE,568202.673600000329316,4216008.623099999502301
324,40:11.4,809,1104470000000.000000000000000,Redwood Hwy,M,S1200,38.395526619999998,-122.716239000000002,111,111,62,62,0.930000007000000,FALSE,524782.500900000333786,4249737.587099999189377
325,40:11.8,809,1104470000000.000000000000000,Redwood Hwy,M,S1200,38.303984219999997,-122.708627000000007,111,111,61,61,0.949999988000000,FALSE,525475.411500000394881,4239594.588099999353290
326,40:12.2,809,1104470000000.000000000000000,Redwood Hwy,M,S1200,38.248910619999997,-122.631882899999994,105,105,52,52,0.949999988000000,FALSE,532207.810300000011921,4233496.330199999734759
327,40:12.6,811,1104470000000.000000000000000,State Rte 116,S,S1200,38.337764940000000,-122.746692499999995,79,79,90,90,0.620000005000000,FALSE,522135.128600000403821,4243336.667199999094009
328,40:13.0,832,1104490000000.000000000000000,State Rte 238,S,S1200,37.601149849999999,-122.014494999999997,72,72,36,36,0.959999979000000,FALSE,586999.257699999958277,4162012.016599999740720
329,40:13.4,841,1104470000000.000000000000000,State Rte 185,S,S1200,37.715753339999999,-122.143289400000000,46,46,46,46,0.949999988000000,FALSE,575503.852300000376999,4174638.099099999293685
330,40:13.9,865,1104480000000.000000000000000,I- 580,I,S1100,37.932531840000003,-122.394565799999995,73,73,93,93,0.949999988000000,FALSE,553200.812300000339746,4198518.904999999329448
331,40:14.2,866,1104490000000.000000000000000,I- 580,I,S1100,37.909084470000003,-122.321541400000001,110,110,43,43,0.930000007000000,FALSE,559650.918800000101328,4195949.210899999365211
332,40:14.6,869,1104470000000.000000000000000,Redwood Hwy,M,S1200,38.106982019999997,-122.563134099999999,112,112,21,21,0.959999979000000,FALSE,538300.805999999865890,4217790.614399999380112
333,40:15.0,873,110764000000.000000000000000,State Rte 29,S,S1200,38.470143610000001,-122.431255199999995,83,83,65,65,0.500000000000000,FALSE,549616.382000000216067,4258148.964900000020862
334,40:15.5,873,110764000000.000000000000000,State Rte 29,S,S1200,38.530567089999998,-122.503623599999997,73,73,67,67,0.949999988000000,FALSE,543265.510099999606609,4264817.336100000888109
335,40:15.9,873,110764000000.000000000000000,State Rte 29,S,S1200,38.575073920000001,-122.580030800000003,70,70,66,66,0.949999988000000,FALSE,536582.482900000177324,4269707.878799999132752
336,40:16.3,873,110764000000.000000000000000,State Rte 29,S,S1200,38.641611939999997,-122.596524099999996,61,61,115,115,0.500000000000000,FALSE,535114.489799999631941,4277097.256500000134110
337,40:16.7,874,110764000000.000000000000000,Saint Helena Hwy,M,S1200,38.566158710000003,-122.562551999999997,84,84,50,50,0.939999998000000,FALSE,538113.001899999566376,4268739.732200000435114
338,40:17.1,879,110764000000.000000000000000,Saint Helena Hwy,M,S1200,38.382299809999999,-122.347051100000002,103,103,29,29,0.939999998000000,FALSE,557033.175099999643862,4248438.427400000393391
339,40:17.5,901,1104310000000.000000000000000,State Rte 1,S,S1200,37.167729010000002,-122.361540500000004,99,99,71,71,0.500000000000000,FALSE,556684.343399999663234,4113670.227600000798702
340,40:17.9,901,1104310000000.000000000000000,State Rte 1,S,S1200,37.236354159999998,-122.415362599999995,96,96,72,72,0.500000000000000,FALSE,551863.417000000365078,4121250.218699999153614
341,40:18.3,901,1104310000000.000000000000000,State Rte 1,S,S1200,37.327117899999998,-122.398080100000001,86,86,57,57,0.500000000000000,FALSE,553331.466099999845028,4131328.671599999070168
342,40:18.7,901,1104310000000.000000000000000,State Rte 1,S,S1200,37.405402840000001,-122.420534700000005,96,96,69,69,0.500000000000000,FALSE,551293.531399999745190,4140017.436100000515580
343,40:19.1,902,1104470000000.000000000000000,la Honda Rd,M,S1200,37.312620150000001,-122.313985500000001,83,83,85,85,0.500000000000000,FALSE,560794.478199999779463,4129781.428999999538064
344,40:19.5,902,1104470000000.000000000000000,la Honda Rd,M,S1200,37.346275700000000,-122.267527999999999,72,72,96,96,0.500000000000000,FALSE,564875.983199999667704,4133543.291099999099970
345,40:19.9,902,1104470000000.000000000000000,la Honda Rd,M,S1200,37.398273650000000,-122.256008699999995,47,47,105,105,0.500000000000000,FALSE,565852.252199999988079,4139320.516799999400973
346,40:20.3,908,1104320000000.000000000000000,State Rte 82,S,S1200,37.499119530000002,-122.250515300000004,47,47,69,69,0.959999979000000,FALSE,566249.531799999997020,4150504.105000000447035
347,40:20.7,910,1104480000000.000000000000000,State Rte 84,S,S1200,37.484221529999999,-122.183636000000007,110,110,10,10,0.930000007000000,FALSE,572176.774299999698997,4148914.575899999588728
348,40:21.1,914,1104470000000.000000000000000,el Camino Real,M,S1200,37.659870280000000,-122.441645699999995,29,54,76,41,0.610000014000000,FALSE,549251.538399999961257,4168229.837899999693036
349,40:21.5,915,1104470000000.000000000000000,Cabrillo Hwy,M,S1200,37.671442190000000,-122.476030399999999,100,100,14,14,0.949999988000000,FALSE,546208.089300000108778,4169498.931399999186397
350,40:21.9,920,1104480000000.000000000000000,Pacheco Pass Hwy,M,S1200,37.031299910000001,-121.325045799999998,108,108,50,50,0.949999988000000,FALSE,648977.413900000043213,4099658.035599999129772
351,40:22.3,920,1104480000000.000000000000000,Pacheco Pass Hwy,M,S1200,37.058562619999996,-121.239706400000003,113,113,63,63,0.939999998000000,FALSE,656511.526700000278652,4102808.545299999415874
352,40:22.7,922,1104980000000.000000000000000,State Rte 17,S,S1200,37.238660449999998,-121.968796200000000,105,105,56,56,0.779999971000000,FALSE,591463.689299999736249,4121852.253200000151992
353,40:23.2,922,1104980000000.000000000000000,State Rte 17,S,S1200,37.161706580000001,-121.990138400000006,79,79,75,75,0.959999979000000,FALSE,589665.320899999700487,4113286.449899999424815
354,40:23.5,923,1104980000000.000000000000000,Santa Cruz Hwy,M,S1200,37.143617620000001,-121.984951699999996,88,88,83,83,0.939999998000000,FALSE,590147.343200000002980,4111293.835899999365211
355,40:24.0,927,1104490000000.000000000000000,State Rte 85,S,S1200,37.316333669999999,-122.047262700000005,114,114,37,37,0.920000017000000,FALSE,584425.593299999833107,4130385.862500000745058
356,40:24.3,927,1104490000000.000000000000000,State Rte 85,S,S1200,37.261198520000001,-121.972333899999995,113,113,50,50,0.730000019000000,FALSE,591127.893600000068545,4124354.319000000134110
357,40:24.7,927,1104490000000.000000000000000,State Rte 85,S,S1200,37.254405230000003,-121.879179300000004,112,112,16,16,0.930000007000000,FALSE,599401.357599999755621,4123696.518400000408292
358,40:25.1,927,1104490000000.000000000000000,State Rte 85,S,S1200,37.239327420000002,-121.787238799999997,113,113,52,52,0.939999998000000,FALSE,607580.079300000332296,4122110.991100000217557
359,40:25.5,928,1104490000000.000000000000000,Bayshore Fwy,M,S1200,37.341589159999998,-121.854056700000001,111,111,23,23,0.939999998000000,FALSE,601508.804800000041723,4133392.913100000470877
360,40:25.9,928,1104490000000.000000000000000,Bayshore Fwy,M,S1200,37.265747259999998,-121.801693799999995,114,114,46,46,0.949999988000000,FALSE,606249.111600000411272,4125019.808399999514222
361,40:26.3,930,1104490000000.000000000000000,I- 680,I,S1100,37.382461839999998,-121.861031900000000,113,113,32,32,0.930000007000000,FALSE,600832.393299999646842,4137915.592199999839067
362,40:26.7,934,1104490000000.000000000000000,State Rte 9,S,S1200,37.258942730000001,-122.104880199999997,61,61,130,130,0.500000000000000,FALSE,579380.237300000153482,4123991.162200000137091
363,40:27.1,952,110697000000.000000000000000,State Rte 12,S,S1200,38.226592220000001,-121.894609700000004,95,95,46,46,0.889999986000000,FALSE,596752.598299999721348,4231544.737999999895692
364,40:27.5,952,110697000000.000000000000000,State Rte 12,S,S1200,38.183651789999999,-121.815719799999997,90,90,76,76,0.910000026000000,FALSE,603726.680200000293553,4226862.345000000670552
365,40:27.9,952,110697000000.000000000000000,State Rte 12,S,S1200,38.180227330000001,-121.721423299999998,83,83,86,86,0.939999998000000,FALSE,611985.553799999877810,4226592.764200000092387
366,40:28.3,958,1104470000000.000000000000000,River Rd,M,S1200,38.467778979999999,-123.035392000000002,76,76,81,81,0.500000000000000,FALSE,496910.623700000345707,4257732.215900000184774
367,40:28.7,967,1104470000000.000000000000000,State Rte 12,S,S1200,38.246373980000001,-122.425005999999996,82,82,65,65,0.949999988000000,FALSE,550314.101999999955297,4233324.456299999728799
368,40:29.1,973,1104470000000.000000000000000,State Rte 13,S,S1200,37.808260330000003,-122.194614599999994,104,104,44,44,0.939999998000000,FALSE,570896.828099999576807,4184850.615900000557303
369,40:29.5,975,1104490000000.000000000000000,I- 880,I,S1100,37.522281550000002,-121.987014900000005,111,111,18,18,0.949999988000000,FALSE,589512.630199999548495,4153295.437200000509620
370,40:29.9,975,1104490000000.000000000000000,I- 880,I,S1100,37.587127709999997,-122.052526499999999,111,111,57,57,0.939999998000000,FALSE,583652.699300000444055,4160446.992599999532104
371,40:30.3,975,1104490000000.000000000000000,I- 880,I,S1100,37.665234130000002,-122.106772000000007,108,108,23,23,0.959999979000000,FALSE,578785.065100000239909,4169054.407600000500679
372,40:30.7,975,1104490000000.000000000000000,I- 880,I,S1100,37.723566920000003,-122.181081899999995,106,106,38,38,0.949999988000000,FALSE,572166.375199999660254,4175475.105000000447035
373,40:31.1,975,1104490000000.000000000000000,I- 880,I,S1100,37.787661450000002,-122.248384500000000,105,105,50,50,0.949999988000000,FALSE,566176.394299999810755,4182529.015100000426173
374,40:31.5,975,1104490000000.000000000000000,I- 880,I,S1100,37.833875929999998,-122.294508399999998,102,102,57,57,0.959999979000000,FALSE,562080.141099999658763,4187623.719699999317527
375,40:31.9,987,1105050000000.000000000000000,I- 580,I,S1100,37.796536230000001,-122.210340099999996,112,112,48,48,0.949999988000000,FALSE,569521.693900000303984,4183531.807800000533462
376,40:32.3,987,1105050000000.000000000000000,I- 580,I,S1100,37.743434870000002,-122.146477300000001,110,110,45,45,0.959999979000000,FALSE,575196.152999999932945,4177703.196200000122190
377,40:32.7,987,1105050000000.000000000000000,I- 580,I,S1100,37.690909670000003,-122.077621800000003,112,112,26,26,0.939999998000000,FALSE,581324.843299999833107,4171923.440300000831485
378,40:33.1,987,1105050000000.000000000000000,I- 580,I,S1100,37.699831410000002,-121.986495700000006,115,115,60,60,0.939999998000000,FALSE,589343.023500000126660,4173001.847999999299645
379,40:33.5,987,1105050000000.000000000000000,I- 580,I,S1100,37.701770000000003,-121.891999200000001,107,107,33,33,0.939999998000000,FALSE,597669.740100000053644,4173319.632300000637770
380,40:33.9,987,1105050000000.000000000000000,I- 580,I,S1100,37.700898860000002,-121.796870100000007,115,115,26,26,0.939999998000000,FALSE,606059.520600000396371,4173314.755300000309944
381,40:34.3,987,1105050000000.000000000000000,I- 580,I,S1100,37.717100660000000,-121.704956300000006,117,117,17,17,0.959999979000000,FALSE,614143.478500000201166,4175217.482499999925494
382,40:34.7,987,1105050000000.000000000000000,I- 580,I,S1100,37.736697229999997,-121.615767500000004,101,101,71,71,0.949999988000000,FALSE,621965.578200000338256,4177503.714199999347329
383,40:35.1,1003,1104490000000.000000000000000,State Rte 4,S,S1200,37.998255000000000,-121.806114300000004,9,21,44,19,0.949999988000000,FALSE,604825.118900000117719,4206298.379300000146031
384,40:35.5,1003,1104490000000.000000000000000,State Rte 4,S,S1200,38.019427950000001,-121.898538900000005,114,114,63,63,0.959999979000000,FALSE,596683.600899999961257,4208548.294099999591708
385,40:35.9,1003,1104490000000.000000000000000,State Rte 4,S,S1200,38.016759120000003,-121.991477200000006,114,114,34,34,0.959999979000000,FALSE,588532.526700000278652,4208171.366299999877810
386,40:36.3,1003,1104490000000.000000000000000,State Rte 4,S,S1200,37.991496169999998,-122.082459799999995,110,110,48,48,0.949999988000000,FALSE,580572.010900000110269,4205271.424599999561906
387,40:36.7,1003,1104490000000.000000000000000,State Rte 4,S,S1200,38.008012770000001,-122.167814800000002,115,115,55,55,0.939999998000000,FALSE,573057.605000000447035,4207042.968900000676513
388,40:37.1,1003,1104490000000.000000000000000,State Rte 4,S,S1200,38.013652309999998,-122.257840099999996,109,109,20,20,0.949999988000000,FALSE,565149.259899999946356,4207592.363700000569224
389,40:37.4,1004,1104490000000.000000000000000,State Rte 4,S,S1200,38.015655709999997,-122.180937200000002,111,111,53,53,0.879999995000000,FALSE,571898.183799999766052,4207872.493599999696016
390,40:37.8,1004,1104490000000.000000000000000,State Rte 4,S,S1200,37.990772560000003,-122.097986599999999,113,113,50,50,0.899999976000000,FALSE,579211.352599999867380,4205190.395300000905991
391,40:38.2,1004,1104490000000.000000000000000,State Rte 4,S,S1200,38.012023900000003,-122.006188300000005,110,110,39,39,0.949999988000000,FALSE,587247.038800000213087,4207622.460699999704957
392,40:38.6,1004,1104490000000.000000000000000,State Rte 4,S,S1200,38.019929269999999,-121.914032800000001,115,115,61,61,0.939999998000000,FALSE,595321.993800000287592,4208600.015000000596046
393,40:39.0,1004,1104490000000.000000000000000,State Rte 4,S,S1200,37.999352770000002,-121.821487700000006,22,28,19,15,0.959999979000000,FALSE,603478.519299999810755,4206396.361099999397993
394,40:39.4,1004,1104490000000.000000000000000,State Rte 4,S,S1200,37.968499420000001,-121.739026600000003,106,106,40,40,0.939999998000000,FALSE,610759.594899999909103,4203071.157299999147654
395,40:39.8,1006,1104470000000.000000000000000,State Rte 24,S,S1200,37.890052750000002,-122.174039300000004,112,112,37,37,0.949999988000000,FALSE,572627.181300000287592,4193940.871700000017881
396,40:40.2,1007,1104490000000.000000000000000,State Rte 4,S,S1200,37.900835260000001,-121.718836600000003,94,94,41,41,0.949999988000000,FALSE,612637.366600000299513,4195591.651300000026822
397,40:40.6,1015,110764000000.000000000000000,State Hwy 128,S,S1200,38.520970490000003,-122.493359999999996,74,74,46,46,0.899999976000000,FALSE,544170.434399999678135,4263758.933299999684095
398,40:41.0,1015,110764000000.000000000000000,State Hwy 128,S,S1200,38.569854700000000,-122.567012899999995,86,86,45,45,0.949999988000000,FALSE,537717.639899999834597,4269137.456800000742078
399,40:41.4,1038,1104490000000.000000000000000,I- 280,I,S1100,37.629814519999996,-122.434338900000000,115,115,26,26,0.939999998000000,FALSE,549912.258500000461936,4164902.024000000208616
400,40:41.8,1038,1104490000000.000000000000000,I- 280,I,S1100,37.559448209999999,-122.382522899999998,114,114,59,59,0.949999988000000,FALSE,554535.984500000253320,4157123.180299999192357
401,40:42.2,1038,1104490000000.000000000000000,I- 280,I,S1100,37.497873020000000,-122.315268000000003,116,116,60,60,0.930000007000000,FALSE,560531.684299999848008,4150331.869000000879169
402,40:42.6,1038,1104490000000.000000000000000,I- 280,I,S1100,37.442594409999998,-122.252790500000003,120,120,34,34,0.930000007000000,FALSE,566094.160400000400841,4144245.590600000694394
403,40:43.0,1045,1104490000000.000000000000000,State Rte 92,S,S1200,37.524227369999998,-122.332455800000005,103,103,33,33,0.939999998000000,FALSE,558989.496199999935925,4153246.241200000047684
404,40:43.4,1046,1104260000000.000000000000000,J Arthur Younger Fwy,M,S1200,37.524227369999998,-122.332455800000005,103,103,33,33,0.939999998000000,FALSE,558989.496199999935925,4153246.241200000047684
405,40:43.8,1053,1104260000000.000000000000000,el Camino Real,M,S1200,37.470548200000003,-122.213642600000000,44,44,52,52,0.959999979000000,FALSE,569534.639800000004470,4147361.607999999076128
406,40:44.2,1056,1104480000000.000000000000000,State Rte 1,S,S1200,37.609078750000002,-122.494849799999997,71,71,52,52,0.959999979000000,FALSE,544587.516099999658763,4162569.224899999797344
407,40:44.6,1062,1104480000000.000000000000000,State Rte 17,S,S1200,37.239386619999998,-121.968033199999994,97,97,58,58,0.920000017000000,FALSE,591533.110199999995530,4121941.048299999907613
408,40:45.0,1062,1104480000000.000000000000000,State Rte 17,S,S1200,37.162152589999998,-121.990808000000001,80,80,80,80,0.959999979000000,FALSE,589604.987099999561906,4113353.528400000184774
409,40:45.4,1065,1104480000000.000000000000000,US Hwy 101,U,S1200,36.918731639999997,-121.547701399999994,112,112,52,52,0.939999998000000,FALSE,629357.488400000147521,4086839.108999999240041
410,40:45.9,1066,1104790000000.000000000000000,State Rte 152,S,S1200,37.009205479999999,-121.665981000000002,83,83,87,87,0.939999998000000,FALSE,618690.937300000339746,4096733.948899999260902
411,40:46.3,1068,1104490000000.000000000000000,State Rte 85,S,S1200,37.255700589999996,-121.865298600000003,110,110,20,20,0.910000026000000,FALSE,600623.106999999843538,4123839.754799999296665
412,40:46.7,1068,1104490000000.000000000000000,State Rte 85,S,S1200,37.256927619999999,-121.959007299999996,114,114,20,20,0.910000026000000,FALSE,592312.907899999991059,4123899.988199999555945
413,40:47.0,1068,1104490000000.000000000000000,State Rte 85,S,S1200,37.306175900000000,-122.038122999999999,112,112,50,50,0.920000017000000,FALSE,585242.731100000441074,4129283.509500000625849
414,40:47.4,1068,1104490000000.000000000000000,State Rte 85,S,S1200,37.391918660000002,-122.068339800000004,111,111,46,46,0.779999971000000,FALSE,582471.541500000283122,4138757.060200000181794
415,40:47.8,1069,1104990000000.000000000000000,State Rte 237,S,S1200,37.412452399999999,-121.985106200000004,106,106,33,33,0.920000017000000,FALSE,589811.106999999843538,4141115.052999999374151
416,40:48.2,1069,1104990000000.000000000000000,State Rte 237,S,S1200,37.433262489999997,-121.894647500000005,38,38,70,70,0.959999979000000,FALSE,597794.363099999725819,4143514.242799999192357
417,40:48.6,1069,1104990000000.000000000000000,State Rte 237,S,S1200,37.419088840000001,-121.965219300000001,105,105,21,21,0.939999998000000,FALSE,591563.870099999941885,4141872.294600000604987
418,40:49.0,1069,1104990000000.000000000000000,State Rte 237,S,S1200,37.389608510000002,-122.054625700000003,93,97,39,37,0.620000005000000,FALSE,583684.225300000049174,4138525.325200000777841